uti;sft_type;action_type;reporting_timestamp_cp1;reporting_timestamp_cp2;report_submitting_entity_cp1;report_submitting_entity_cp2;reporting_counterparty_cp1;reporting_counterparty_cp2;nature_of_the_reporting_counterparty_cp1;nature_of_the_reporting_counterparty_cp2;sector_of_the_reporting_counterparty_cp1;sector_of_the_reporting_counterparty_cp2;additional_sector_classification_cp1;additional_sector_classification_cp2;branch_of_the_reporting_counterparty_cp1;branch_of_the_reporting_counterparty_cp2;side_of_the_counterparty_cp1;side_of_the_counterparty_cp2;other_counterparty_cp1;other_counterparty_cp2;country_of_the_other_counterparty_cp1;country_of_the_other_counterparty_cp2;beneficiary_cp1;beneficiary_cp2;tri_party_agent_cp1;tri_party_agent_cp2;broker_cp1;broker_cp2;clearing_member_cp1;clearing_member_cp2;csd_participant_or_indirect_participant_cp1;csd_participant_or_indirect_participant_cp2;agent_lender_cp1;agent_lender_cp2;uti_cp1;uti_cp2;report_tracking_number_cp1;report_tracking_number_cp2;event_date_cp1;event_date_cp2;type_of_sft_cp1;type_of_sft_cp2;cleared_cp1;cleared_cp2;clearing_timestamp_cp1;clearing_timestamp_cp2;ccp_cp1;ccp_cp2;trading_venue_cp1;trading_venue_cp2;master_agreement_type_cp1;master_agreement_type_cp2;other_master_agreement_type_cp1;other_master_agreement_type_cp2;master_agreement_version_cp1;master_agreement_version_cp2;execution_timestamp_cp1;execution_timestamp_cp2;value_date_start_date_cp1;value_date_start_date_cp2;maturity_date_end_date_cp1;maturity_date_end_date_cp2;termination_date_cp1;termination_date_cp2;minimum_notice_period_cp1;minimum_notice_period_cp2;earliest_call_back_date_cp1;earliest_call_back_date_cp2;general_collateral_indicator_cp1;general_collateral_indicator_cp2;dbv_indicator_cp1;dbv_indicator_cp2;method_used_to_provide_collateral_cp1;method_used_to_provide_collateral_cp2;open_term_cp1;open_term_cp2;termination_optionality_cp1;termination_optionality_cp2;fixed_rate_cp1;fixed_rate_cp2;day_count_convention_cp1;day_count_convention_cp2;floating_rate_cp1;floating_rate_cp2;floating_rate_reference_period_time_period_cp1;floating_rate_reference_period_time_period_cp2;floating_rate_reference_period_multiplier_cp1;floating_rate_reference_period_multiplier_cp2;floating_rate_payment_frequency_time_period_cp1;floating_rate_payment_frequency_time_period_cp2;floating_rate_payment_frequency_multiplier_cp1;floating_rate_payment_frequency_multiplier_cp2;floating_rate_reset_frequency_time_period_cp1;floating_rate_reset_frequency_time_period_cp2;floating_rate_reset_frequency_multiplier_cp1;floating_rate_reset_frequency_multiplier_cp2;spread_cp1;spread_cp2;lending_fee_margin_lending_rate_cp1;lending_fee_margin_lending_rate_cp2;exclusive_arrangements_cp1;exclusive_arrangements_cp2;outstanding_margin_loan_cp1;outstanding_margin_loan_cp2;base_currency_of_outstanding_margin_loan_cp1;base_currency_of_outstanding_margin_loan_cp2;short_market_value_cp1;short_market_value_cp2;principal_amount_on_value_date_cp1;principal_amount_on_value_date_cp2;principal_amount_on_maturity_date_cp1;principal_amount_on_maturity_date_cp2;principal_amount_currency_cp1;principal_amount_currency_cp2;type_of_asset_cp1;type_of_asset_cp2;security_identifier_cp1;security_identifier_cp2;classification_of_a_security_cp1;classification_of_a_security_cp2;base_product_cp1;base_product_cp2;sub_product_cp1;sub_product_cp2;further_sub_product_cp1;further_sub_product_cp2;quantity_or_nominal_amount_cp1;quantity_or_nominal_amount_cp2;unit_of_measure_cp1;unit_of_measure_cp2;currency_of_nominal_amount_cp1;currency_of_nominal_amount_cp2;security_or_commodity_price_cp1;security_or_commodity_price_cp2;price_currency_cp1;price_currency_cp2;security_quality_cp1;security_quality_cp2;maturity_of_the_security_cp1;maturity_of_the_security_cp2;issuer_jurisdiction_cp1;issuer_jurisdiction_cp2;lei_of_the_issuer_cp1;lei_of_the_issuer_cp2;type_of_collateral_component_cp1;type_of_collateral_component_cp2;availability_for_collateral_reuse_cp1;availability_for_collateral_reuse_cp2;collateral_basket_identifier_cp1;collateral_basket_identifier_cp2;portfolio_code_cp1;portfolio_code_cp2;action_type_cp1;action_type_cp2;level_cp1;level_cp2;collateral_market_value_cp1;collateral_market_value_cp2;currency_of_collateral_market_value_cp1;currency_of_collateral_market_value_cp2;haircut_or_margin_cp1;haircut_or_margin_cp2;collateral_quantity_or_nominal_amount_cp1;collateral_quantity_or_nominal_amount_cp2;currency_of_collateral_nominal_amount_cp1;currency_of_collateral_nominal_amount_cp2;price_per_unit_cp1;price_per_unit_cp2;currency_of_price_per_unit_cp1;currency_of_price_per_unit_cp2;maturity_date_of_the_security_collateral_cp1;maturity_date_of_the_security_collateral_cp2;jurisdiction_of_the_issuer_collateral_cp1;jurisdiction_of_the_issuer_collateral_cp2;lei_of_the_issuer_collateral_cp1;lei_of_the_issuer_collateral_cp2;collateral_component_type_cp1;collateral_component_type_cp2;cash_collateral_amount_cp1;cash_collateral_amount_cp2;cash_collateral_currency_cp1;cash_collateral_currency_cp2;identification_of_the_security_collateral_cp1;identification_of_the_security_collateral_cp2;classification_of_the_security_collateral_cp1;classification_of_the_security_collateral_cp2;base_product_collateral_cp1;base_product_collateral_cp2;sub_product_collateral_cp1;sub_product_collateral_cp2;further_sub_product_collateral_cp1;further_sub_product_collateral_cp2;collateral_quality_cp1;collateral_quality_cp2;settlement_venue_cp1;settlement_venue_cp2;rate_variance_cp1;rate_variance_cp2;rate_type_cp1;rate_type_cp2;adjusted_rate_cp1;adjusted_rate_cp2;rate_date_cp1;rate_date_cp2;principal_amount_on_value_date_leg_2_cp1;principal_amount_on_value_date_leg_2_cp2;principal_amount_currency_leg_2_cp1;principal_amount_currency_leg_2_cp2;security_identifier_leg_2_cp1;security_identifier_leg_2_cp2;type_of_collateral_component_leg_2_cp1;type_of_collateral_component_leg_2_cp2;uncollateralised_sl_flag_cp1;uncollateralised_sl_flag_cp2;termination_optionality_sl_cp1;termination_optionality_sl_cp2;net_exposure_collateralisation_cp1;net_exposure_collateralisation_cp2;margin_currency_cp1;margin_currency_cp2;initial_margin_type_cp1;initial_margin_type_cp2;other_type_of_collateral_cp1;other_type_of_collateral_cp2;concentration_limit_cp1;concentration_limit_cp2;funding_sources_cp1;funding_sources_cp2;trading_venue_of_the_security_cp1;trading_venue_of_the_security_cp2;mark_to_market_valuation_cp1;mark_to_market_valuation_cp2;mark_to_market_currency_cp1;mark_to_market_currency_cp2;cfi_code_of_the_security_cp1;cfi_code_of_the_security_cp2;type_of_margin_transaction_cp1;type_of_margin_transaction_cp2;excess_collateral_posted_cp1;excess_collateral_posted_cp2;currency_of_excess_collateral_posted_cp1;currency_of_excess_collateral_posted_cp2;excess_collateral_received_cp1;excess_collateral_received_cp2;currency_of_excess_collateral_received_cp1;currency_of_excess_collateral_received_cp2;value_of_initial_margin_posted_cp1;value_of_initial_margin_posted_cp2;currency_of_initial_margin_posted_cp1;currency_of_initial_margin_posted_cp2;value_of_initial_margin_received_cp1;value_of_initial_margin_received_cp2;currency_of_initial_margin_received_cp1;currency_of_initial_margin_received_cp2;value_of_variation_margin_posted_cp1;value_of_variation_margin_posted_cp2;currency_of_variation_margin_posted_cp1;currency_of_variation_margin_posted_cp2;value_of_variation_margin_received_cp1;value_of_variation_margin_received_cp2;currency_of_variation_margin_received_cp1;currency_of_variation_margin_received_cp2;short_sell_indicator_cp1;short_sell_indicator_cp2;total_value_of_margin_posted_cp1;total_value_of_margin_posted_cp2;currency_of_total_margin_posted_cp1;currency_of_total_margin_posted_cp2;total_value_of_margin_received_cp1;total_value_of_margin_received_cp2;currency_of_total_margin_received_cp1;currency_of_total_margin_received_cp2;margin_lending_provided_to_counterparty_cp1;margin_lending_provided_to_counterparty_cp2;currency_of_margin_lending_cp1;currency_of_margin_lending_cp2;collateral_re_use_cp1;collateral_re_use_cp2;estimated_reuse_of_collateral_cp1;estimated_reuse_of_collateral_cp2;currency_of_estimated_reuse_cp1;currency_of_estimated_reuse_cp2;reinvested_cash_amount_cp1;reinvested_cash_amount_cp2;currency_of_reinvested_cash_cp1;currency_of_reinvested_cash_cp2;reinvested_cash_rate_of_return_cp1;reinvested_cash_rate_of_return_cp2;reinvestment_type_cp1;reinvestment_type_cp2;reinvestment_maturity_date_cp1;reinvestment_maturity_date_cp2;reinvestment_isin_cp1;reinvestment_isin_cp2;reinvestment_cash_amount_component_cp1;reinvestment_cash_amount_component_cp2;currency_of_reinvestment_component_cp1;currency_of_reinvestment_component_cp2;funding_source_type_cp1;funding_source_type_cp2;funding_source_market_value_cp1;funding_source_market_value_cp2;currency_of_funding_source_cp1;currency_of_funding_source_cp2;counterparty_for_reuse_cp1;counterparty_for_reuse_cp2;type_of_collateral_reuse_cp1;type_of_collateral_reuse_cp2;reinvestment_risk_profile_cp1;reinvestment_risk_profile_cp2;haircut_or_margin_on_reinvestment_cp1;haircut_or_margin_on_reinvestment_cp2
SNDR20260326001;Repo;NEWT;2026-04-26T10:10:16Z;2026-04-26T10:10:16Z;VUJNWIVNFNEBFQSQE965;VUJNWIVNFNEBFQSQE965;VUJNWIVNFNEBFQSQE965;VUJNWIVNFNEBFQSQE965;DELTA_1_4_26_01;DELTA_1_4_26_01;CHARLIE_1_5_26_01;CHARLIE_1_5_26_01;ECHO_1_6_26_01;ECHO_1_6_26_01;FR;FR;GIVE;TAKE;5493001KJTIIGC8Y1R12;5493001KJTIIGC8Y1R12;FR;FR;7LTWFZYICNSX8D621K86;7LTWFZYICNSX8D621K86;5493001KJTIIGC8Y1R12;5493001KJTIIGC8Y1R12;5493001KJTIIGC8Y1R12;5493001KJTIIGC8Y1R12;5493001KJTIIGC8Y1R12;5493001KJTIIGC8Y1R12;VUJNWIVNFNEBFQSQE965;VUJNWIVNFNEBFQSQE965;5493001KJTIIGC8Y1R12;5493001KJTIIGC8Y1R12;ALPHA_1_17_26_01;ALPHA_1_17_26_01;DELTA_1_18_26_01;DELTA_1_18_26_01;2026-04-26;2026-04-26;DELTA_2_2_26_01;DELTA_2_2_26_01;false;false;2026-04-26T13:31:49Z;2026-04-26T13:31:49Z;R0MUWSFPU8MPRO8K5P81;R0MUWSFPU8MPRO8K5P81;FOXTROT_2_6_26_01;FOXTROT_2_6_26_01;0.0180;0.0180;CHARLIE_2_8_26_01;CHARLIE_2_8_26_01;BRAVO_2_9_26_01;BRAVO_2_9_26_01;2026-04-26T09:13:55Z;2026-04-26T09:13:55Z;2026-04-26;2026-04-26;2026-04-26;2026-04-26;2026-04-26;2026-04-26;16;16;2026-04-26;2026-04-26;DELTA_2_16_26_01;DELTA_2_16_26_01;true;true;DELTA_2_18_26_01;DELTA_2_18_26_01;false;false;ECHO_2_20_26_01;ECHO_2_20_26_01;1261221.00;1261221.00;0.0160;0.0160;0.0170;0.0170;CHARLIE_2_24_26_01;CHARLIE_2_24_26_01;7;7;BRAVO_2_26_26_01;BRAVO_2_26_26_01;9;9;CHARLIE_2_28_26_01;CHARLIE_2_28_26_01;11;11;1261230.00;1261230.00;0.0250;0.0250;false;false;1261233.00;1261233.00;EUR;EUR;1261235.00;1261235.00;1261236.00;1261236.00;1261237.00;1261237.00;USD;USD;FOXTROT_2_39_26_01;FOXTROT_2_39_26_01;XS0971721963;XS0971721963;FOXTROT_2_41_26_01;FOXTROT_2_41_26_01;0.0190;0.0190;0.0200;0.0200;0.0210;0.0210;1261245.00;1261245.00;0.0230;0.0230;EUR;EUR;1261248.00;1261248.00;GBP;GBP;FOXTROT_2_50_26_01;FOXTROT_2_50_26_01;2026-04-26;2026-04-26;ES;ES;7LTWFZYICNSX8D621K86;7LTWFZYICNSX8D621K86;ALPHA_2_54_26_01;ALPHA_2_54_26_01;true;true;US0378331005;US0378331005;ECHO_2_57_26_01;ECHO_2_57_26_01;DELTA_2_58_26_01;DELTA_2_58_26_01;BRAVO_2_59_26_01;BRAVO_2_59_26_01;1261260.00;1261260.00;EUR;EUR;0.0220;0.0220;1261263.00;1261263.00;USD;USD;1261265.00;1261265.00;EUR;EUR;2026-04-26;2026-04-26;NL;NL;R0MUWSFPU8MPRO8K5P81;R0MUWSFPU8MPRO8K5P81;CHARLIE_2_70_26_01;CHARLIE_2_70_26_01;1261271.00;1261271.00;EUR;EUR;US0378331005;US0378331005;ALPHA_2_74_26_01;ALPHA_2_74_26_01;0.0180;0.0180;0.0190;0.0190;0.0200;0.0200;ECHO_2_78_26_01;ECHO_2_78_26_01;FOXTROT_2_79_26_01;FOXTROT_2_79_26_01;1261280.00;1261280.00;CHARLIE_2_81_26_01;CHARLIE_2_81_26_01;0.0250;0.0250;2026-04-26;2026-04-26;1261284.00;1261284.00;CHF;CHF;FR0013451524;FR0013451524;ALPHA_2_87_26_01;ALPHA_2_87_26_01;false;false;FOXTROT_2_89_26_01;FOXTROT_2_89_26_01;true;true;EUR;EUR;0.0180;0.0180;ECHO_2_93_26_01;ECHO_2_93_26_01;true;true;0.0210;0.0210;FOXTROT_2_96_26_01;FOXTROT_2_96_26_01;1261297.00;1261297.00;EUR;EUR;ALPHA_2_99_26_01;ALPHA_2_99_26_01;MRGG;MRGE;1261302.00;1261302.00;GBP;GBP;1261304.00;1261304.00;CHF;CHF;1261306.00;1261306.00;USD;USD;1261308.00;1261308.00;EUR;EUR;1261310.00;1261310.00;CHF;CHF;1261312.00;1261312.00;CHF;CHF;false;false;1261315.00;1261315.00;EUR;EUR;1261317.00;1261317.00;USD;USD;1261319.00;1261319.00;GBP;GBP;true;true;1261402.00;1261402.00;USD;USD;1261404.00;1261404.00;EUR;EUR;0.0170;0.0170;CHARLIE_4_7_26_01;CHARLIE_4_7_26_01;2026-04-26;2026-04-26;DE0001135275;DE0001135275;1261410.00;1261410.00;USD;USD;0.0230;0.0230;1261413.00;1261413.00;USD;USD;5493001KJTIIGC8Y1R12;5493001KJTIIGC8Y1R12;0.0100;0.0100;0.0110;0.0110;0.0120;0.0120
SNDR20260326002;Repo;NEWT;2026-04-26T11:13:21Z;2026-04-26T11:13:21Z;5493001KJTIIGC8Y1R12;5493001KJTIIGC8Y1R12;VUJNWIVNFNEBFQSQE965;VUJNWIVNFNEBFQSQE965;DELTA_1_4_26_02;DELTA_1_4_26_02;ALPHA_1_5_26_02;ALPHA_1_5_26_02;BRAVO_1_6_26_02;BRAVO_1_6_26_02;NL;NL;GIVE;TAKE;R0MUWSFPU8MPRO8K5P81;R0MUWSFPU8MPRO8K5P81;FR;FR;R0MUWSFPU8MPRO8K5P81;R0MUWSFPU8MPRO8K5P81;R0MUWSFPU8MPRO8K5P81;R0MUWSFPU8MPRO8K5P81;7LTWFZYICNSX8D621K86;7LTWFZYICNSX8D621K86;R0MUWSFPU8MPRO8K5P81;R0MUWSFPU8MPRO8K5P81;7LTWFZYICNSX8D621K86;7LTWFZYICNSX8D621K86;5493001KJTIIGC8Y1R12;5493001KJTIIGC8Y1R12;ECHO_1_17_26_02;ECHO_1_17_26_02;ALPHA_1_18_26_02;ALPHA_1_18_26_02;2026-04-26;2026-04-26;FOXTROT_2_2_26_02;FOXTROT_2_2_26_02;false;false;2026-04-26T14:34:54Z;2026-04-26T14:34:54Z;5493001KJTIIGC8Y1R12;5493001KJTIIGC8Y1R12;ECHO_2_6_26_02;ECHO_2_6_26_02;0.0190;0.0190;CHARLIE_2_8_26_02;CHARLIE_2_8_26_02;DELTA_2_9_26_02;DELTA_2_9_26_02;2026-04-26T10:16:00Z;2026-04-26T10:16:00Z;2026-04-26;2026-04-26;2026-04-26;2026-04-26;2026-04-26;2026-04-26;17;17;2026-04-26;2026-04-26;CHARLIE_2_16_26_02;CHARLIE_2_16_26_02;false;false;ALPHA_2_18_26_02;ALPHA_2_18_26_02;true;true;ECHO_2_20_26_02;ECHO_2_20_26_02;1262221.00;1262221.00;0.0170;0.0170;0.0180;0.0180;CHARLIE_2_24_26_02;CHARLIE_2_24_26_02;8;8;CHARLIE_2_26_26_02;CHARLIE_2_26_26_02;10;10;BRAVO_2_28_26_02;BRAVO_2_28_26_02;12;12;1262230.00;1262230.00;0.0260;0.0260;false;false;1262233.00;1262233.00;USD;USD;1262235.00;1262235.00;1262236.00;1262236.00;1262237.00;1262237.00;EUR;EUR;ALPHA_2_39_26_02;ALPHA_2_39_26_02;DE0001135275;DE0001135275;BRAVO_2_41_26_02;BRAVO_2_41_26_02;0.0200;0.0200;0.0210;0.0210;0.0220;0.0220;1262245.00;1262245.00;0.0240;0.0240;CHF;CHF;1262248.00;1262248.00;CHF;CHF;ALPHA_2_50_26_02;ALPHA_2_50_26_02;2026-04-26;2026-04-26;FR;FR;R0MUWSFPU8MPRO8K5P81;R0MUWSFPU8MPRO8K5P81;ALPHA_2_54_26_02;ALPHA_2_54_26_02;true;true;FR0013451524;FR0013451524;ECHO_2_57_26_02;ECHO_2_57_26_02;DELTA_2_58_26_02;DELTA_2_58_26_02;ALPHA_2_59_26_02;ALPHA_2_59_26_02;1262260.00;1262260.00;USD;USD;0.0230;0.0230;1262263.00;1262263.00;EUR;EUR;1262265.00;1262265.00;EUR;EUR;2026-04-26;2026-04-26;IT;IT;R0MUWSFPU8MPRO8K5P81;R0MUWSFPU8MPRO8K5P81;CHARLIE_2_70_26_02;CHARLIE_2_70_26_02;1262271.00;1262271.00;CHF;CHF;FR0013451524;FR0013451524;ALPHA_2_74_26_02;ALPHA_2_74_26_02;0.0190;0.0190;0.0200;0.0200;0.0210;0.0210;FOXTROT_2_78_26_02;FOXTROT_2_78_26_02;FOXTROT_2_79_26_02;FOXTROT_2_79_26_02;1262280.00;1262280.00;ECHO_2_81_26_02;ECHO_2_81_26_02;0.0260;0.0260;2026-04-26;2026-04-26;1262284.00;1262284.00;USD;USD;XS0971721963;XS0971721963;CHARLIE_2_87_26_02;CHARLIE_2_87_26_02;true;true;ECHO_2_89_26_02;ECHO_2_89_26_02;true;true;EUR;EUR;0.0190;0.0190;ECHO_2_93_26_02;ECHO_2_93_26_02;true;true;0.0220;0.0220;BRAVO_2_96_26_02;BRAVO_2_96_26_02;1262297.00;1262297.00;USD;USD;BRAVO_2_99_26_02;BRAVO_2_99_26_02;MRGG;MRGE;1262302.00;1262302.00;CHF;CHF;1262304.00;1262304.00;GBP;GBP;1262306.00;1262306.00;CHF;CHF;1262308.00;1262308.00;CHF;CHF;1262310.00;1262310.00;GBP;GBP;1262312.00;1262312.00;USD;USD;false;false;1262315.00;1262315.00;CHF;CHF;1262317.00;1262317.00;GBP;GBP;1262319.00;1262319.00;EUR;EUR;true;true;1262402.00;1262402.00;EUR;EUR;1262404.00;1262404.00;GBP;GBP;0.0180;0.0180;BRAVO_4_7_26_02;BRAVO_4_7_26_02;2026-04-26;2026-04-26;XS0971721963;XS0971721963;1262410.00;1262410.00;EUR;EUR;0.0240;0.0240;1262413.00;1262413.00;CHF;CHF;VUJNWIVNFNEBFQSQE965;VUJNWIVNFNEBFQSQE965;0.0110;0.0110;0.0120;0.0120;0.0130;0.0130
SNDR20260326003;Repo;NEWT;2026-04-26T12:16:26Z;2026-04-26T12:16:26Z;VUJNWIVNFNEBFQSQE965;VUJNWIVNFNEBFQSQE965;7LTWFZYICNSX8D621K86;7LTWFZYICNSX8D621K86;ECHO_1_4_26_03;ECHO_1_4_26_03;CHARLIE_1_5_26_03;CHARLIE_1_5_26_03;ECHO_1_6_26_03;ECHO_1_6_26_03;FR;FR;GIVE;TAKE;5493001KJTIIGC8Y1R12;5493001KJTIIGC8Y1R12;ES;ES;VUJNWIVNFNEBFQSQE965;VUJNWIVNFNEBFQSQE965;5493001KJTIIGC8Y1R12;5493001KJTIIGC8Y1R12;7LTWFZYICNSX8D621K86;7LTWFZYICNSX8D621K86;7LTWFZYICNSX8D621K86;7LTWFZYICNSX8D621K86;VUJNWIVNFNEBFQSQE965;VUJNWIVNFNEBFQSQE965;R0MUWSFPU8MPRO8K5P81;R0MUWSFPU8MPRO8K5P81;BRAVO_1_17_26_03;BRAVO_1_17_26_03;DELTA_1_18_26_03;DELTA_1_18_26_03;2026-04-26;2026-04-26;BRAVO_2_2_26_03;BRAVO_2_2_26_03;true;true;2026-04-26T15:37:59Z;2026-04-26T15:37:59Z;5493001KJTIIGC8Y1R12;5493001KJTIIGC8Y1R12;BRAVO_2_6_26_03;BRAVO_2_6_26_03;0.0200;0.0200;ECHO_2_8_26_03;ECHO_2_8_26_03;FOXTROT_2_9_26_03;FOXTROT_2_9_26_03;2026-04-26T11:19:05Z;2026-04-26T11:19:05Z;2026-04-26;2026-04-26;2026-04-26;2026-04-26;2026-04-26;2026-04-26;18;18;2026-04-26;2026-04-26;ECHO_2_16_26_03;ECHO_2_16_26_03;false;false;DELTA_2_18_26_03;DELTA_2_18_26_03;true;true;ECHO_2_20_26_03;ECHO_2_20_26_03;1263221.00;1263221.00;0.0180;0.0180;0.0190;0.0190;ECHO_2_24_26_03;ECHO_2_24_26_03;9;9;ALPHA_2_26_26_03;ALPHA_2_26_26_03;11;11;ALPHA_2_28_26_03;ALPHA_2_28_26_03;13;13;1263230.00;1263230.00;0.0100;0.0100;false;false;1263233.00;1263233.00;USD;USD;1263235.00;1263235.00;1263236.00;1263236.00;1263237.00;1263237.00;EUR;EUR;CHARLIE_2_39_26_03;CHARLIE_2_39_26_03;XS0971721963;XS0971721963;ECHO_2_41_26_03;ECHO_2_41_26_03;0.0210;0.0210;0.0220;0.0220;0.0230;0.0230;1263245.00;1263245.00;0.0250;0.0250;EUR;EUR;1263248.00;1263248.00;CHF;CHF;BRAVO_2_50_26_03;BRAVO_2_50_26_03;2026-04-26;2026-04-26;DE;DE;7LTWFZYICNSX8D621K86;7LTWFZYICNSX8D621K86;DELTA_2_54_26_03;DELTA_2_54_26_03;true;true;FR0013451524;FR0013451524;BRAVO_2_57_26_03;BRAVO_2_57_26_03;DELTA_2_58_26_03;DELTA_2_58_26_03;BRAVO_2_59_26_03;BRAVO_2_59_26_03;1263260.00;1263260.00;GBP;GBP;0.0240;0.0240;1263263.00;1263263.00;EUR;EUR;1263265.00;1263265.00;USD;USD;2026-04-26;2026-04-26;BE;BE;R0MUWSFPU8MPRO8K5P81;R0MUWSFPU8MPRO8K5P81;BRAVO_2_70_26_03;BRAVO_2_70_26_03;1263271.00;1263271.00;CHF;CHF;US0378331005;US0378331005;FOXTROT_2_74_26_03;FOXTROT_2_74_26_03;0.0200;0.0200;0.0210;0.0210;0.0220;0.0220;DELTA_2_78_26_03;DELTA_2_78_26_03;ECHO_2_79_26_03;ECHO_2_79_26_03;1263280.00;1263280.00;ALPHA_2_81_26_03;ALPHA_2_81_26_03;0.0100;0.0100;2026-04-26;2026-04-26;1263284.00;1263284.00;USD;USD;FR0013451524;FR0013451524;DELTA_2_87_26_03;DELTA_2_87_26_03;true;true;DELTA_2_89_26_03;DELTA_2_89_26_03;true;true;CHF;CHF;0.0200;0.0200;BRAVO_2_93_26_03;BRAVO_2_93_26_03;false;false;0.0230;0.0230;FOXTROT_2_96_26_03;FOXTROT_2_96_26_03;1263297.00;1263297.00;GBP;GBP;DELTA_2_99_26_03;DELTA_2_99_26_03;MRGG;MRGE;1263302.00;1263302.00;EUR;EUR;1263304.00;1263304.00;GBP;GBP;1263306.00;1263306.00;GBP;GBP;1263308.00;1263308.00;CHF;CHF;1263310.00;1263310.00;EUR;EUR;1263312.00;1263312.00;USD;USD;true;true;1263315.00;1263315.00;CHF;CHF;1263317.00;1263317.00;CHF;CHF;1263319.00;1263319.00;CHF;CHF;false;false;1263402.00;1263402.00;GBP;GBP;1263404.00;1263404.00;GBP;GBP;0.0190;0.0190;ECHO_4_7_26_03;ECHO_4_7_26_03;2026-04-26;2026-04-26;FR0013451524;FR0013451524;1263410.00;1263410.00;CHF;CHF;0.0250;0.0250;1263413.00;1263413.00;GBP;GBP;VUJNWIVNFNEBFQSQE965;VUJNWIVNFNEBFQSQE965;0.0120;0.0120;0.0130;0.0130;0.0140;0.0140
SNDR20260326004;Repo;NEWT;2026-04-26T13:19:31Z;2026-04-26T13:19:31Z;R0MUWSFPU8MPRO8K5P81;R0MUWSFPU8MPRO8K5P81;5493001KJTIIGC8Y1R12;5493001KJTIIGC8Y1R12;CHARLIE_1_4_26_04;CHARLIE_1_4_26_04;DELTA_1_5_26_04;DELTA_1_5_26_04;DELTA_1_6_26_04;DELTA_1_6_26_04;IT;IT;GIVE;TAKE;7LTWFZYICNSX8D621K86;7LTWFZYICNSX8D621K86;IT;IT;7LTWFZYICNSX8D621K86;7LTWFZYICNSX8D621K86;5493001KJTIIGC8Y1R12;5493001KJTIIGC8Y1R12;5493001KJTIIGC8Y1R12;5493001KJTIIGC8Y1R12;VUJNWIVNFNEBFQSQE965;VUJNWIVNFNEBFQSQE965;7LTWFZYICNSX8D621K86;7LTWFZYICNSX8D621K86;VUJNWIVNFNEBFQSQE965;VUJNWIVNFNEBFQSQE965;DELTA_1_17_26_04;DELTA_1_17_26_04;CHARLIE_1_18_26_04;CHARLIE_1_18_26_04;2026-04-26;2026-04-26;CHARLIE_2_2_26_04;CHARLIE_2_2_26_04;true;true;2026-04-26T16:40:04Z;2026-04-26T16:40:04Z;5493001KJTIIGC8Y1R12;5493001KJTIIGC8Y1R12;BRAVO_2_6_26_04;BRAVO_2_6_26_04;0.0210;0.0210;DELTA_2_8_26_04;DELTA_2_8_26_04;FOXTROT_2_9_26_04;FOXTROT_2_9_26_04;2026-04-26T12:22:10Z;2026-04-26T12:22:10Z;2026-04-26;2026-04-26;2026-04-26;2026-04-26;2026-04-26;2026-04-26;19;19;2026-04-26;2026-04-26;FOXTROT_2_16_26_04;FOXTROT_2_16_26_04;false;false;ECHO_2_18_26_04;ECHO_2_18_26_04;false;false;DELTA_2_20_26_04;DELTA_2_20_26_04;1264221.00;1264221.00;0.0190;0.0190;0.0200;0.0200;DELTA_2_24_26_04;DELTA_2_24_26_04;10;10;CHARLIE_2_26_26_04;CHARLIE_2_26_26_04;12;12;BRAVO_2_28_26_04;BRAVO_2_28_26_04;14;14;1264230.00;1264230.00;0.0110;0.0110;true;true;1264233.00;1264233.00;EUR;EUR;1264235.00;1264235.00;1264236.00;1264236.00;1264237.00;1264237.00;GBP;GBP;BRAVO_2_39_26_04;BRAVO_2_39_26_04;XS0971721963;XS0971721963;BRAVO_2_41_26_04;BRAVO_2_41_26_04;0.0220;0.0220;0.0230;0.0230;0.0240;0.0240;1264245.00;1264245.00;0.0260;0.0260;GBP;GBP;1264248.00;1264248.00;GBP;GBP;ALPHA_2_50_26_04;ALPHA_2_50_26_04;2026-04-26;2026-04-26;ES;ES;5493001KJTIIGC8Y1R12;5493001KJTIIGC8Y1R12;FOXTROT_2_54_26_04;FOXTROT_2_54_26_04;false;false;FR0013451524;FR0013451524;CHARLIE_2_57_26_04;CHARLIE_2_57_26_04;CHARLIE_2_58_26_04;CHARLIE_2_58_26_04;DELTA_2_59_26_04;DELTA_2_59_26_04;1264260.00;1264260.00;GBP;GBP;0.0250;0.0250;1264263.00;1264263.00;USD;USD;1264265.00;1264265.00;CHF;CHF;2026-04-26;2026-04-26;DE;DE;5493001KJTIIGC8Y1R12;5493001KJTIIGC8Y1R12;CHARLIE_2_70_26_04;CHARLIE_2_70_26_04;1264271.00;1264271.00;USD;USD;FR0013451524;FR0013451524;CHARLIE_2_74_26_04;CHARLIE_2_74_26_04;0.0210;0.0210;0.0220;0.0220;0.0230;0.0230;BRAVO_2_78_26_04;BRAVO_2_78_26_04;FOXTROT_2_79_26_04;FOXTROT_2_79_26_04;1264280.00;1264280.00;ALPHA_2_81_26_04;ALPHA_2_81_26_04;0.0110;0.0110;2026-04-26;2026-04-26;1264284.00;1264284.00;EUR;EUR;XS0971721963;XS0971721963;BRAVO_2_87_26_04;BRAVO_2_87_26_04;true;true;FOXTROT_2_89_26_04;FOXTROT_2_89_26_04;false;false;USD;USD;0.0210;0.0210;BRAVO_2_93_26_04;BRAVO_2_93_26_04;true;true;0.0240;0.0240;DELTA_2_96_26_04;DELTA_2_96_26_04;1264297.00;1264297.00;CHF;CHF;FOXTROT_2_99_26_04;FOXTROT_2_99_26_04;MRGG;MRGE;1264302.00;1264302.00;GBP;GBP;1264304.00;1264304.00;USD;USD;1264306.00;1264306.00;GBP;GBP;1264308.00;1264308.00;USD;USD;1264310.00;1264310.00;CHF;CHF;1264312.00;1264312.00;EUR;EUR;false;false;1264315.00;1264315.00;EUR;EUR;1264317.00;1264317.00;EUR;EUR;1264319.00;1264319.00;USD;USD;true;true;1264402.00;1264402.00;EUR;EUR;1264404.00;1264404.00;CHF;CHF;0.0200;0.0200;ECHO_4_7_26_04;ECHO_4_7_26_04;2026-04-26;2026-04-26;XS0971721963;XS0971721963;1264410.00;1264410.00;GBP;GBP;0.0260;0.0260;1264413.00;1264413.00;USD;USD;R0MUWSFPU8MPRO8K5P81;R0MUWSFPU8MPRO8K5P81;0.0130;0.0130;0.0140;0.0140;0.0150;0.0150
SNDR20260326005;Repo;NEWT;2026-04-26T14:22:36Z;2026-04-26T14:22:36Z;R0MUWSFPU8MPRO8K5P81;R0MUWSFPU8MPRO8K5P81;7LTWFZYICNSX8D621K86;7LTWFZYICNSX8D621K86;ECHO_1_4_26_05;ECHO_1_4_26_05;CHARLIE_1_5_26_05;CHARLIE_1_5_26_05;FOXTROT_1_6_26_05;FOXTROT_1_6_26_05;NL;NL;GIVE;TAKE;R0MUWSFPU8MPRO8K5P81;R0MUWSFPU8MPRO8K5P81;DE;DE;VUJNWIVNFNEBFQSQE965;VUJNWIVNFNEBFQSQE965;5493001KJTIIGC8Y1R12;5493001KJTIIGC8Y1R12;5493001KJTIIGC8Y1R12;5493001KJTIIGC8Y1R12;7LTWFZYICNSX8D621K86;7LTWFZYICNSX8D621K86;7LTWFZYICNSX8D621K86;7LTWFZYICNSX8D621K86;5493001KJTIIGC8Y1R12;5493001KJTIIGC8Y1R12;BRAVO_1_17_26_05;BRAVO_1_17_26_05;CHARLIE_1_18_26_05;CHARLIE_1_18_26_05;2026-04-26;2026-04-26;FOXTROT_2_2_26_05;FOXTROT_2_2_26_05;false;false;2026-04-26T17:43:09Z;2026-04-26T17:43:09Z;7LTWFZYICNSX8D621K86;7LTWFZYICNSX8D621K86;ALPHA_2_6_26_05;ALPHA_2_6_26_05;0.0220;0.0220;FOXTROT_2_8_26_05;FOXTROT_2_8_26_05;CHARLIE_2_9_26_05;CHARLIE_2_9_26_05;2026-04-26T13:25:15Z;2026-04-26T13:25:15Z;2026-04-26;2026-04-26;2026-04-26;2026-04-26;2026-04-26;2026-04-26;20;20;2026-04-26;2026-04-26;DELTA_2_16_26_05;DELTA_2_16_26_05;true;true;DELTA_2_18_26_05;DELTA_2_18_26_05;false;false;CHARLIE_2_20_26_05;CHARLIE_2_20_26_05;1265221.00;1265221.00;0.0200;0.0200;0.0210;0.0210;ECHO_2_24_26_05;ECHO_2_24_26_05;11;11;DELTA_2_26_26_05;DELTA_2_26_26_05;13;13;CHARLIE_2_28_26_05;CHARLIE_2_28_26_05;15;15;1265230.00;1265230.00;0.0120;0.0120;false;false;1265233.00;1265233.00;USD;USD;1265235.00;1265235.00;1265236.00;1265236.00;1265237.00;1265237.00;CHF;CHF;DELTA_2_39_26_05;DELTA_2_39_26_05;FR0013451524;FR0013451524;FOXTROT_2_41_26_05;FOXTROT_2_41_26_05;0.0230;0.0230;0.0240;0.0240;0.0250;0.0250;1265245.00;1265245.00;0.0100;0.0100;USD;USD;1265248.00;1265248.00;GBP;GBP;BRAVO_2_50_26_05;BRAVO_2_50_26_05;2026-04-26;2026-04-26;NL;NL;R0MUWSFPU8MPRO8K5P81;R0MUWSFPU8MPRO8K5P81;FOXTROT_2_54_26_05;FOXTROT_2_54_26_05;false;false;FR0013451524;FR0013451524;ALPHA_2_57_26_05;ALPHA_2_57_26_05;ECHO_2_58_26_05;ECHO_2_58_26_05;DELTA_2_59_26_05;DELTA_2_59_26_05;1265260.00;1265260.00;EUR;EUR;0.0260;0.0260;1265263.00;1265263.00;GBP;GBP;1265265.00;1265265.00;CHF;CHF;2026-04-26;2026-04-26;BE;BE;R0MUWSFPU8MPRO8K5P81;R0MUWSFPU8MPRO8K5P81;ECHO_2_70_26_05;ECHO_2_70_26_05;1265271.00;1265271.00;CHF;CHF;XS0971721963;XS0971721963;ALPHA_2_74_26_05;ALPHA_2_74_26_05;0.0220;0.0220;0.0230;0.0230;0.0240;0.0240;CHARLIE_2_78_26_05;CHARLIE_2_78_26_05;FOXTROT_2_79_26_05;FOXTROT_2_79_26_05;1265280.00;1265280.00;DELTA_2_81_26_05;DELTA_2_81_26_05;0.0120;0.0120;2026-04-26;2026-04-26;1265284.00;1265284.00;EUR;EUR;DE0001135275;DE0001135275;ECHO_2_87_26_05;ECHO_2_87_26_05;true;true;BRAVO_2_89_26_05;BRAVO_2_89_26_05;false;false;USD;USD;0.0220;0.0220;CHARLIE_2_93_26_05;CHARLIE_2_93_26_05;false;false;0.0250;0.0250;BRAVO_2_96_26_05;BRAVO_2_96_26_05;1265297.00;1265297.00;USD;USD;ALPHA_2_99_26_05;ALPHA_2_99_26_05;MRGG;MRGE;1265302.00;1265302.00;CHF;CHF;1265304.00;1265304.00;EUR;EUR;1265306.00;1265306.00;USD;USD;1265308.00;1265308.00;EUR;EUR;1265310.00;1265310.00;USD;USD;1265312.00;1265312.00;GBP;GBP;false;false;1265315.00;1265315.00;GBP;GBP;1265317.00;1265317.00;CHF;CHF;1265319.00;1265319.00;EUR;EUR;false;false;1265402.00;1265402.00;CHF;CHF;1265404.00;1265404.00;USD;USD;0.0210;0.0210;ECHO_4_7_26_05;ECHO_4_7_26_05;2026-04-26;2026-04-26;FR0013451524;FR0013451524;1265410.00;1265410.00;USD;USD;0.0100;0.0100;1265413.00;1265413.00;GBP;GBP;5493001KJTIIGC8Y1R12;5493001KJTIIGC8Y1R12;0.0140;0.0140;0.0150;0.0150;0.0160;0.0160
SNDR20260326006;Repo;NEWT;2026-04-26T15:25:41Z;2026-04-26T15:25:41Z;R0MUWSFPU8MPRO8K5P81;R0MUWSFPU8MPRO8K5P81;7LTWFZYICNSX8D621K86;7LTWFZYICNSX8D621K86;FOXTROT_1_4_26_06;FOXTROT_1_4_26_06;ALPHA_1_5_26_06;ALPHA_1_5_26_06;ALPHA_1_6_26_06;ALPHA_1_6_26_06;BE;BE;GIVE;TAKE;7LTWFZYICNSX8D621K86;7LTWFZYICNSX8D621K86;NL;NL;5493001KJTIIGC8Y1R12;5493001KJTIIGC8Y1R12;5493001KJTIIGC8Y1R12;5493001KJTIIGC8Y1R12;R0MUWSFPU8MPRO8K5P81;R0MUWSFPU8MPRO8K5P81;VUJNWIVNFNEBFQSQE965;VUJNWIVNFNEBFQSQE965;7LTWFZYICNSX8D621K86;7LTWFZYICNSX8D621K86;R0MUWSFPU8MPRO8K5P81;R0MUWSFPU8MPRO8K5P81;ALPHA_1_17_26_06;ALPHA_1_17_26_06;ALPHA_1_18_26_06;ALPHA_1_18_26_06;2026-04-26;2026-04-26;ALPHA_2_2_26_06;ALPHA_2_2_26_06;true;true;2026-04-26T08:46:14Z;2026-04-26T08:46:14Z;7LTWFZYICNSX8D621K86;7LTWFZYICNSX8D621K86;ECHO_2_6_26_06;ECHO_2_6_26_06;0.0230;0.0230;DELTA_2_8_26_06;DELTA_2_8_26_06;CHARLIE_2_9_26_06;CHARLIE_2_9_26_06;2026-04-26T14:28:20Z;2026-04-26T14:28:20Z;2026-04-26;2026-04-26;2026-04-26;2026-04-26;2026-04-26;2026-04-26;1;1;2026-04-26;2026-04-26;ALPHA_2_16_26_06;ALPHA_2_16_26_06;true;true;BRAVO_2_18_26_06;BRAVO_2_18_26_06;false;false;CHARLIE_2_20_26_06;CHARLIE_2_20_26_06;1266221.00;1266221.00;0.0210;0.0210;0.0220;0.0220;ALPHA_2_24_26_06;ALPHA_2_24_26_06;12;12;BRAVO_2_26_26_06;BRAVO_2_26_26_06;14;14;FOXTROT_2_28_26_06;FOXTROT_2_28_26_06;16;16;1266230.00;1266230.00;0.0130;0.0130;true;true;1266233.00;1266233.00;USD;USD;1266235.00;1266235.00;1266236.00;1266236.00;1266237.00;1266237.00;USD;USD;ECHO_2_39_26_06;ECHO_2_39_26_06;FR0013451524;FR0013451524;ALPHA_2_41_26_06;ALPHA_2_41_26_06;0.0240;0.0240;0.0250;0.0250;0.0260;0.0260;1266245.00;1266245.00;0.0110;0.0110;GBP;GBP;1266248.00;1266248.00;USD;USD;ECHO_2_50_26_06;ECHO_2_50_26_06;2026-04-26;2026-04-26;DE;DE;5493001KJTIIGC8Y1R12;5493001KJTIIGC8Y1R12;ECHO_2_54_26_06;ECHO_2_54_26_06;false;false;FR0013451524;FR0013451524;ALPHA_2_57_26_06;ALPHA_2_57_26_06;ALPHA_2_58_26_06;ALPHA_2_58_26_06;CHARLIE_2_59_26_06;CHARLIE_2_59_26_06;1266260.00;1266260.00;USD;USD;0.0100;0.0100;1266263.00;1266263.00;GBP;GBP;1266265.00;1266265.00;GBP;GBP;2026-04-26;2026-04-26;DE;DE;VUJNWIVNFNEBFQSQE965;VUJNWIVNFNEBFQSQE965;CHARLIE_2_70_26_06;CHARLIE_2_70_26_06;1266271.00;1266271.00;USD;USD;DE0001135275;DE0001135275;BRAVO_2_74_26_06;BRAVO_2_74_26_06;0.0230;0.0230;0.0240;0.0240;0.0250;0.0250;BRAVO_2_78_26_06;BRAVO_2_78_26_06;FOXTROT_2_79_26_06;FOXTROT_2_79_26_06;1266280.00;1266280.00;ECHO_2_81_26_06;ECHO_2_81_26_06;0.0130;0.0130;2026-04-26;2026-04-26;1266284.00;1266284.00;GBP;GBP;DE0001135275;DE0001135275;ALPHA_2_87_26_06;ALPHA_2_87_26_06;true;true;ECHO_2_89_26_06;ECHO_2_89_26_06;true;true;GBP;GBP;0.0230;0.0230;ECHO_2_93_26_06;ECHO_2_93_26_06;true;true;0.0260;0.0260;BRAVO_2_96_26_06;BRAVO_2_96_26_06;1266297.00;1266297.00;CHF;CHF;DELTA_2_99_26_06;DELTA_2_99_26_06;MRGG;MRGE;1266302.00;1266302.00;CHF;CHF;1266304.00;1266304.00;GBP;GBP;1266306.00;1266306.00;EUR;EUR;1266308.00;1266308.00;GBP;GBP;1266310.00;1266310.00;CHF;CHF;1266312.00;1266312.00;CHF;CHF;true;true;1266315.00;1266315.00;USD;USD;1266317.00;1266317.00;GBP;GBP;1266319.00;1266319.00;CHF;CHF;true;true;1266402.00;1266402.00;GBP;GBP;1266404.00;1266404.00;CHF;CHF;0.0220;0.0220;CHARLIE_4_7_26_06;CHARLIE_4_7_26_06;2026-04-26;2026-04-26;DE0001135275;DE0001135275;1266410.00;1266410.00;USD;USD;0.0110;0.0110;1266413.00;1266413.00;USD;USD;7LTWFZYICNSX8D621K86;7LTWFZYICNSX8D621K86;0.0150;0.0150;0.0160;0.0160;0.0170;0.0170
SNDR20260326007;Repo;NEWT;2026-04-26T16:28:46Z;2026-04-26T16:28:46Z;R0MUWSFPU8MPRO8K5P81;R0MUWSFPU8MPRO8K5P81;R0MUWSFPU8MPRO8K5P81;R0MUWSFPU8MPRO8K5P81;FOXTROT_1_4_26_07;FOXTROT_1_4_26_07;CHARLIE_1_5_26_07;CHARLIE_1_5_26_07;CHARLIE_1_6_26_07;CHARLIE_1_6_26_07;DE;DE;GIVE;TAKE;5493001KJTIIGC8Y1R12;5493001KJTIIGC8Y1R12;ES;ES;R0MUWSFPU8MPRO8K5P81;R0MUWSFPU8MPRO8K5P81;5493001KJTIIGC8Y1R12;5493001KJTIIGC8Y1R12;VUJNWIVNFNEBFQSQE965;VUJNWIVNFNEBFQSQE965;R0MUWSFPU8MPRO8K5P81;R0MUWSFPU8MPRO8K5P81;R0MUWSFPU8MPRO8K5P81;R0MUWSFPU8MPRO8K5P81;7LTWFZYICNSX8D621K86;7LTWFZYICNSX8D621K86;FOXTROT_1_17_26_07;FOXTROT_1_17_26_07;DELTA_1_18_26_07;DELTA_1_18_26_07;2026-04-26;2026-04-26;FOXTROT_2_2_26_07;FOXTROT_2_2_26_07;false;false;2026-04-26T09:49:19Z;2026-04-26T09:49:19Z;7LTWFZYICNSX8D621K86;7LTWFZYICNSX8D621K86;ECHO_2_6_26_07;ECHO_2_6_26_07;0.0240;0.0240;ECHO_2_8_26_07;ECHO_2_8_26_07;ECHO_2_9_26_07;ECHO_2_9_26_07;2026-04-26T15:31:25Z;2026-04-26T15:31:25Z;2026-04-26;2026-04-26;2026-04-26;2026-04-26;2026-04-26;2026-04-26;2;2;2026-04-26;2026-04-26;CHARLIE_2_16_26_07;CHARLIE_2_16_26_07;false;false;DELTA_2_18_26_07;DELTA_2_18_26_07;true;true;BRAVO_2_20_26_07;BRAVO_2_20_26_07;1267221.00;1267221.00;0.0220;0.0220;0.0230;0.0230;FOXTROT_2_24_26_07;FOXTROT_2_24_26_07;13;13;BRAVO_2_26_26_07;BRAVO_2_26_26_07;15;15;CHARLIE_2_28_26_07;CHARLIE_2_28_26_07;17;17;1267230.00;1267230.00;0.0140;0.0140;false;false;1267233.00;1267233.00;USD;USD;1267235.00;1267235.00;1267236.00;1267236.00;1267237.00;1267237.00;USD;USD;BRAVO_2_39_26_07;BRAVO_2_39_26_07;XS0971721963;XS0971721963;ALPHA_2_41_26_07;ALPHA_2_41_26_07;0.0250;0.0250;0.0260;0.0260;0.0100;0.0100;1267245.00;1267245.00;0.0120;0.0120;EUR;EUR;1267248.00;1267248.00;CHF;CHF;ECHO_2_50_26_07;ECHO_2_50_26_07;2026-04-26;2026-04-26;DE;DE;R0MUWSFPU8MPRO8K5P81;R0MUWSFPU8MPRO8K5P81;BRAVO_2_54_26_07;BRAVO_2_54_26_07;true;true;US0378331005;US0378331005;ECHO_2_57_26_07;ECHO_2_57_26_07;BRAVO_2_58_26_07;BRAVO_2_58_26_07;DELTA_2_59_26_07;DELTA_2_59_26_07;1267260.00;1267260.00;CHF;CHF;0.0110;0.0110;1267263.00;1267263.00;GBP;GBP;1267265.00;1267265.00;EUR;EUR;2026-04-26;2026-04-26;DE;DE;7LTWFZYICNSX8D621K86;7LTWFZYICNSX8D621K86;DELTA_2_70_26_07;DELTA_2_70_26_07;1267271.00;1267271.00;EUR;EUR;DE0001135275;DE0001135275;ECHO_2_74_26_07;ECHO_2_74_26_07;0.0240;0.0240;0.0250;0.0250;0.0260;0.0260;ECHO_2_78_26_07;ECHO_2_78_26_07;DELTA_2_79_26_07;DELTA_2_79_26_07;1267280.00;1267280.00;ECHO_2_81_26_07;ECHO_2_81_26_07;0.0140;0.0140;2026-04-26;2026-04-26;1267284.00;1267284.00;GBP;GBP;XS0971721963;XS0971721963;ALPHA_2_87_26_07;ALPHA_2_87_26_07;true;true;CHARLIE_2_89_26_07;CHARLIE_2_89_26_07;true;true;EUR;EUR;0.0240;0.0240;ECHO_2_93_26_07;ECHO_2_93_26_07;false;false;0.0100;0.0100;CHARLIE_2_96_26_07;CHARLIE_2_96_26_07;1267297.00;1267297.00;EUR;EUR;ECHO_2_99_26_07;ECHO_2_99_26_07;MRGG;MRGE;1267302.00;1267302.00;USD;USD;1267304.00;1267304.00;CHF;CHF;1267306.00;1267306.00;CHF;CHF;1267308.00;1267308.00;EUR;EUR;1267310.00;1267310.00;USD;USD;1267312.00;1267312.00;EUR;EUR;false;false;1267315.00;1267315.00;CHF;CHF;1267317.00;1267317.00;USD;USD;1267319.00;1267319.00;CHF;CHF;true;true;1267402.00;1267402.00;USD;USD;1267404.00;1267404.00;EUR;EUR;0.0230;0.0230;FOXTROT_4_7_26_07;FOXTROT_4_7_26_07;2026-04-26;2026-04-26;DE0001135275;DE0001135275;1267410.00;1267410.00;EUR;EUR;0.0120;0.0120;1267413.00;1267413.00;GBP;GBP;5493001KJTIIGC8Y1R12;5493001KJTIIGC8Y1R12;0.0160;0.0160;0.0170;0.0170;0.0180;0.0180
SNDR20260326008;Repo;NEWT;2026-04-26T17:31:51Z;2026-04-26T17:31:51Z;VUJNWIVNFNEBFQSQE965;VUJNWIVNFNEBFQSQE965;VUJNWIVNFNEBFQSQE965;VUJNWIVNFNEBFQSQE965;FOXTROT_1_4_26_08;FOXTROT_1_4_26_08;DELTA_1_5_26_08;DELTA_1_5_26_08;BRAVO_1_6_26_08;BRAVO_1_6_26_08;NL;NL;GIVE;TAKE;7LTWFZYICNSX8D621K86;7LTWFZYICNSX8D621K86;IT;IT;R0MUWSFPU8MPRO8K5P81;R0MUWSFPU8MPRO8K5P81;5493001KJTIIGC8Y1R12;5493001KJTIIGC8Y1R12;R0MUWSFPU8MPRO8K5P81;R0MUWSFPU8MPRO8K5P81;5493001KJTIIGC8Y1R12;5493001KJTIIGC8Y1R12;VUJNWIVNFNEBFQSQE965;VUJNWIVNFNEBFQSQE965;5493001KJTIIGC8Y1R12;5493001KJTIIGC8Y1R12;ECHO_1_17_26_08;ECHO_1_17_26_08;CHARLIE_1_18_26_08;CHARLIE_1_18_26_08;2026-04-26;2026-04-26;BRAVO_2_2_26_08;BRAVO_2_2_26_08;false;false;2026-04-26T10:52:24Z;2026-04-26T10:52:24Z;R0MUWSFPU8MPRO8K5P81;R0MUWSFPU8MPRO8K5P81;DELTA_2_6_26_08;DELTA_2_6_26_08;0.0250;0.0250;ALPHA_2_8_26_08;ALPHA_2_8_26_08;BRAVO_2_9_26_08;BRAVO_2_9_26_08;2026-04-26T16:34:30Z;2026-04-26T16:34:30Z;2026-04-26;2026-04-26;2026-04-26;2026-04-26;2026-04-26;2026-04-26;3;3;2026-04-26;2026-04-26;ECHO_2_16_26_08;ECHO_2_16_26_08;true;true;ECHO_2_18_26_08;ECHO_2_18_26_08;true;true;FOXTROT_2_20_26_08;FOXTROT_2_20_26_08;1268221.00;1268221.00;0.0230;0.0230;0.0240;0.0240;ALPHA_2_24_26_08;ALPHA_2_24_26_08;14;14;ALPHA_2_26_26_08;ALPHA_2_26_26_08;16;16;BRAVO_2_28_26_08;BRAVO_2_28_26_08;18;18;1268230.00;1268230.00;0.0150;0.0150;false;false;1268233.00;1268233.00;EUR;EUR;1268235.00;1268235.00;1268236.00;1268236.00;1268237.00;1268237.00;EUR;EUR;FOXTROT_2_39_26_08;FOXTROT_2_39_26_08;DE0001135275;DE0001135275;CHARLIE_2_41_26_08;CHARLIE_2_41_26_08;0.0260;0.0260;0.0100;0.0100;0.0110;0.0110;1268245.00;1268245.00;0.0130;0.0130;EUR;EUR;1268248.00;1268248.00;CHF;CHF;DELTA_2_50_26_08;DELTA_2_50_26_08;2026-04-26;2026-04-26;BE;BE;7LTWFZYICNSX8D621K86;7LTWFZYICNSX8D621K86;ECHO_2_54_26_08;ECHO_2_54_26_08;false;false;US0378331005;US0378331005;ALPHA_2_57_26_08;ALPHA_2_57_26_08;FOXTROT_2_58_26_08;FOXTROT_2_58_26_08;ALPHA_2_59_26_08;ALPHA_2_59_26_08;1268260.00;1268260.00;EUR;EUR;0.0120;0.0120;1268263.00;1268263.00;USD;USD;1268265.00;1268265.00;EUR;EUR;2026-04-26;2026-04-26;NL;NL;7LTWFZYICNSX8D621K86;7LTWFZYICNSX8D621K86;FOXTROT_2_70_26_08;FOXTROT_2_70_26_08;1268271.00;1268271.00;CHF;CHF;XS0971721963;XS0971721963;ALPHA_2_74_26_08;ALPHA_2_74_26_08;0.0250;0.0250;0.0260;0.0260;0.0100;0.0100;CHARLIE_2_78_26_08;CHARLIE_2_78_26_08;CHARLIE_2_79_26_08;CHARLIE_2_79_26_08;1268280.00;1268280.00;CHARLIE_2_81_26_08;CHARLIE_2_81_26_08;0.0150;0.0150;2026-04-26;2026-04-26;1268284.00;1268284.00;USD;USD;DE0001135275;DE0001135275;ALPHA_2_87_26_08;ALPHA_2_87_26_08;false;false;DELTA_2_89_26_08;DELTA_2_89_26_08;true;true;USD;USD;0.0250;0.0250;BRAVO_2_93_26_08;BRAVO_2_93_26_08;true;true;0.0110;0.0110;CHARLIE_2_96_26_08;CHARLIE_2_96_26_08;1268297.00;1268297.00;GBP;GBP;BRAVO_2_99_26_08;BRAVO_2_99_26_08;MRGG;MRGE;1268302.00;1268302.00;CHF;CHF;1268304.00;1268304.00;USD;USD;1268306.00;1268306.00;USD;USD;1268308.00;1268308.00;CHF;CHF;1268310.00;1268310.00;CHF;CHF;1268312.00;1268312.00;EUR;EUR;true;true;1268315.00;1268315.00;CHF;CHF;1268317.00;1268317.00;EUR;EUR;1268319.00;1268319.00;USD;USD;false;false;1268402.00;1268402.00;GBP;GBP;1268404.00;1268404.00;EUR;EUR;0.0240;0.0240;ALPHA_4_7_26_08;ALPHA_4_7_26_08;2026-04-26;2026-04-26;XS0971721963;XS0971721963;1268410.00;1268410.00;GBP;GBP;0.0130;0.0130;1268413.00;1268413.00;GBP;GBP;VUJNWIVNFNEBFQSQE965;VUJNWIVNFNEBFQSQE965;0.0170;0.0170;0.0180;0.0180;0.0190;0.0190
SNDR20260326009;Repo;NEWT;2026-04-26T08:34:56Z;2026-04-26T08:34:56Z;7LTWFZYICNSX8D621K86;7LTWFZYICNSX8D621K86;VUJNWIVNFNEBFQSQE965;VUJNWIVNFNEBFQSQE965;ECHO_1_4_26_09;ECHO_1_4_26_09;ECHO_1_5_26_09;ECHO_1_5_26_09;ECHO_1_6_26_09;ECHO_1_6_26_09;DE;DE;GIVE;TAKE;VUJNWIVNFNEBFQSQE965;VUJNWIVNFNEBFQSQE965;IT;IT;5493001KJTIIGC8Y1R12;5493001KJTIIGC8Y1R12;R0MUWSFPU8MPRO8K5P81;R0MUWSFPU8MPRO8K5P81;R0MUWSFPU8MPRO8K5P81;R0MUWSFPU8MPRO8K5P81;5493001KJTIIGC8Y1R12;5493001KJTIIGC8Y1R12;7LTWFZYICNSX8D621K86;7LTWFZYICNSX8D621K86;7LTWFZYICNSX8D621K86;7LTWFZYICNSX8D621K86;ECHO_1_17_26_09;ECHO_1_17_26_09;ECHO_1_18_26_09;ECHO_1_18_26_09;2026-04-26;2026-04-26;ECHO_2_2_26_09;ECHO_2_2_26_09;false;false;2026-04-26T11:55:29Z;2026-04-26T11:55:29Z;VUJNWIVNFNEBFQSQE965;VUJNWIVNFNEBFQSQE965;ALPHA_2_6_26_09;ALPHA_2_6_26_09;0.0260;0.0260;FOXTROT_2_8_26_09;FOXTROT_2_8_26_09;DELTA_2_9_26_09;DELTA_2_9_26_09;2026-04-26T17:37:35Z;2026-04-26T17:37:35Z;2026-04-26;2026-04-26;2026-04-26;2026-04-26;2026-04-26;2026-04-26;4;4;2026-04-26;2026-04-26;DELTA_2_16_26_09;DELTA_2_16_26_09;true;true;FOXTROT_2_18_26_09;FOXTROT_2_18_26_09;false;false;FOXTROT_2_20_26_09;FOXTROT_2_20_26_09;1269221.00;1269221.00;0.0240;0.0240;0.0250;0.0250;ALPHA_2_24_26_09;ALPHA_2_24_26_09;15;15;ECHO_2_26_26_09;ECHO_2_26_26_09;17;17;BRAVO_2_28_26_09;BRAVO_2_28_26_09;19;19;1269230.00;1269230.00;0.0160;0.0160;true;true;1269233.00;1269233.00;CHF;CHF;1269235.00;1269235.00;1269236.00;1269236.00;1269237.00;1269237.00;USD;USD;CHARLIE_2_39_26_09;CHARLIE_2_39_26_09;US0378331005;US0378331005;DELTA_2_41_26_09;DELTA_2_41_26_09;0.0100;0.0100;0.0110;0.0110;0.0120;0.0120;1269245.00;1269245.00;0.0140;0.0140;USD;USD;1269248.00;1269248.00;CHF;CHF;ECHO_2_50_26_09;ECHO_2_50_26_09;2026-04-26;2026-04-26;ES;ES;7LTWFZYICNSX8D621K86;7LTWFZYICNSX8D621K86;ALPHA_2_54_26_09;ALPHA_2_54_26_09;true;true;XS0971721963;XS0971721963;FOXTROT_2_57_26_09;FOXTROT_2_57_26_09;BRAVO_2_58_26_09;BRAVO_2_58_26_09;CHARLIE_2_59_26_09;CHARLIE_2_59_26_09;1269260.00;1269260.00;EUR;EUR;0.0130;0.0130;1269263.00;1269263.00;CHF;CHF;1269265.00;1269265.00;CHF;CHF;2026-04-26;2026-04-26;FR;FR;VUJNWIVNFNEBFQSQE965;VUJNWIVNFNEBFQSQE965;CHARLIE_2_70_26_09;CHARLIE_2_70_26_09;1269271.00;1269271.00;CHF;CHF;FR0013451524;FR0013451524;ECHO_2_74_26_09;ECHO_2_74_26_09;0.0260;0.0260;0.0100;0.0100;0.0110;0.0110;FOXTROT_2_78_26_09;FOXTROT_2_78_26_09;ECHO_2_79_26_09;ECHO_2_79_26_09;1269280.00;1269280.00;CHARLIE_2_81_26_09;CHARLIE_2_81_26_09;0.0160;0.0160;2026-04-26;2026-04-26;1269284.00;1269284.00;USD;USD;FR0013451524;FR0013451524;FOXTROT_2_87_26_09;FOXTROT_2_87_26_09;false;false;FOXTROT_2_89_26_09;FOXTROT_2_89_26_09;true;true;CHF;CHF;0.0260;0.0260;DELTA_2_93_26_09;DELTA_2_93_26_09;true;true;0.0120;0.0120;FOXTROT_2_96_26_09;FOXTROT_2_96_26_09;1269297.00;1269297.00;EUR;EUR;BRAVO_2_99_26_09;BRAVO_2_99_26_09;MRGG;MRGE;1269302.00;1269302.00;GBP;GBP;1269304.00;1269304.00;GBP;GBP;1269306.00;1269306.00;CHF;CHF;1269308.00;1269308.00;USD;USD;1269310.00;1269310.00;CHF;CHF;1269312.00;1269312.00;EUR;EUR;false;false;1269315.00;1269315.00;CHF;CHF;1269317.00;1269317.00;GBP;GBP;1269319.00;1269319.00;CHF;CHF;false;false;1269402.00;1269402.00;CHF;CHF;1269404.00;1269404.00;GBP;GBP;0.0250;0.0250;CHARLIE_4_7_26_09;CHARLIE_4_7_26_09;2026-04-26;2026-04-26;XS0971721963;XS0971721963;1269410.00;1269410.00;GBP;GBP;0.0140;0.0140;1269413.00;1269413.00;EUR;EUR;VUJNWIVNFNEBFQSQE965;VUJNWIVNFNEBFQSQE965;0.0180;0.0180;0.0190;0.0190;0.0200;0.0200
SNDR20260326010;Repo;NEWT;2026-04-26T09:37:01Z;2026-04-26T09:37:01Z;5493001KJTIIGC8Y1R12;5493001KJTIIGC8Y1R12;7LTWFZYICNSX8D621K86;7LTWFZYICNSX8D621K86;ALPHA_1_4_26_10;ALPHA_1_4_26_10;DELTA_1_5_26_10;DELTA_1_5_26_10;CHARLIE_1_6_26_10;CHARLIE_1_6_26_10;DE;DE;GIVE;TAKE;7LTWFZYICNSX8D621K86;7LTWFZYICNSX8D621K86;BE;BE;VUJNWIVNFNEBFQSQE965;VUJNWIVNFNEBFQSQE965;R0MUWSFPU8MPRO8K5P81;R0MUWSFPU8MPRO8K5P81;R0MUWSFPU8MPRO8K5P81;R0MUWSFPU8MPRO8K5P81;5493001KJTIIGC8Y1R12;5493001KJTIIGC8Y1R12;R0MUWSFPU8MPRO8K5P81;R0MUWSFPU8MPRO8K5P81;VUJNWIVNFNEBFQSQE965;VUJNWIVNFNEBFQSQE965;FOXTROT_1_17_26_10;FOXTROT_1_17_26_10;FOXTROT_1_18_26_10;FOXTROT_1_18_26_10;2026-04-26;2026-04-26;FOXTROT_2_2_26_10;FOXTROT_2_2_26_10;false;false;2026-04-26T12:58:34Z;2026-04-26T12:58:34Z;7LTWFZYICNSX8D621K86;7LTWFZYICNSX8D621K86;ECHO_2_6_26_10;ECHO_2_6_26_10;0.0100;0.0100;DELTA_2_8_26_10;DELTA_2_8_26_10;FOXTROT_2_9_26_10;FOXTROT_2_9_26_10;2026-04-26T08:40:40Z;2026-04-26T08:40:40Z;2026-04-26;2026-04-26;2026-04-26;2026-04-26;2026-04-26;2026-04-26;5;5;2026-04-26;2026-04-26;FOXTROT_2_16_26_10;FOXTROT_2_16_26_10;true;true;ECHO_2_18_26_10;ECHO_2_18_26_10;true;true;FOXTROT_2_20_26_10;FOXTROT_2_20_26_10;1270221.00;1270221.00;0.0250;0.0250;0.0260;0.0260;FOXTROT_2_24_26_10;FOXTROT_2_24_26_10;16;16;FOXTROT_2_26_26_10;FOXTROT_2_26_26_10;18;18;CHARLIE_2_28_26_10;CHARLIE_2_28_26_10;20;20;1270230.00;1270230.00;0.0170;0.0170;true;true;1270233.00;1270233.00;CHF;CHF;1270235.00;1270235.00;1270236.00;1270236.00;1270237.00;1270237.00;USD;USD;BRAVO_2_39_26_10;BRAVO_2_39_26_10;DE0001135275;DE0001135275;ECHO_2_41_26_10;ECHO_2_41_26_10;0.0110;0.0110;0.0120;0.0120;0.0130;0.0130;1270245.00;1270245.00;0.0150;0.0150;USD;USD;1270248.00;1270248.00;CHF;CHF;DELTA_2_50_26_10;DELTA_2_50_26_10;2026-04-26;2026-04-26;FR;FR;R0MUWSFPU8MPRO8K5P81;R0MUWSFPU8MPRO8K5P81;FOXTROT_2_54_26_10;FOXTROT_2_54_26_10;false;false;US0378331005;US0378331005;DELTA_2_57_26_10;DELTA_2_57_26_10;DELTA_2_58_26_10;DELTA_2_58_26_10;FOXTROT_2_59_26_10;FOXTROT_2_59_26_10;1270260.00;1270260.00;EUR;EUR;0.0140;0.0140;1270263.00;1270263.00;USD;USD;1270265.00;1270265.00;USD;USD;2026-04-26;2026-04-26;BE;BE;7LTWFZYICNSX8D621K86;7LTWFZYICNSX8D621K86;BRAVO_2_70_26_10;BRAVO_2_70_26_10;1270271.00;1270271.00;USD;USD;US0378331005;US0378331005;FOXTROT_2_74_26_10;FOXTROT_2_74_26_10;0.0100;0.0100;0.0110;0.0110;0.0120;0.0120;ECHO_2_78_26_10;ECHO_2_78_26_10;ALPHA_2_79_26_10;ALPHA_2_79_26_10;1270280.00;1270280.00;ALPHA_2_81_26_10;ALPHA_2_81_26_10;0.0170;0.0170;2026-04-26;2026-04-26;1270284.00;1270284.00;CHF;CHF;DE0001135275;DE0001135275;CHARLIE_2_87_26_10;CHARLIE_2_87_26_10;true;true;ECHO_2_89_26_10;ECHO_2_89_26_10;false;false;CHF;CHF;0.0100;0.0100;CHARLIE_2_93_26_10;CHARLIE_2_93_26_10;true;true;0.0130;0.0130;BRAVO_2_96_26_10;BRAVO_2_96_26_10;1270297.00;1270297.00;CHF;CHF;FOXTROT_2_99_26_10;FOXTROT_2_99_26_10;MRGG;MRGE;1270302.00;1270302.00;GBP;GBP;1270304.00;1270304.00;EUR;EUR;1270306.00;1270306.00;CHF;CHF;1270308.00;1270308.00;USD;USD;1270310.00;1270310.00;USD;USD;1270312.00;1270312.00;GBP;GBP;true;true;1270315.00;1270315.00;EUR;EUR;1270317.00;1270317.00;USD;USD;1270319.00;1270319.00;EUR;EUR;false;false;1270402.00;1270402.00;CHF;CHF;1270404.00;1270404.00;EUR;EUR;0.0260;0.0260;ALPHA_4_7_26_10;ALPHA_4_7_26_10;2026-04-26;2026-04-26;US0378331005;US0378331005;1270410.00;1270410.00;GBP;GBP;0.0150;0.0150;1270413.00;1270413.00;USD;USD;VUJNWIVNFNEBFQSQE965;VUJNWIVNFNEBFQSQE965;0.0190;0.0190;0.0200;0.0200;0.0210;0.0210
SNDR20260326011;Repo;NEWT;2026-04-26T10:40:06Z;2026-04-26T10:40:06Z;5493001KJTIIGC8Y1R12;5493001KJTIIGC8Y1R12;VUJNWIVNFNEBFQSQE965;VUJNWIVNFNEBFQSQE965;CHARLIE_1_4_26_11;CHARLIE_1_4_26_11;DELTA_1_5_26_11;DELTA_1_5_26_11;BRAVO_1_6_26_11;BRAVO_1_6_26_11;NL;NL;GIVE;TAKE;VUJNWIVNFNEBFQSQE965;VUJNWIVNFNEBFQSQE965;ES;ES;7LTWFZYICNSX8D621K86;7LTWFZYICNSX8D621K86;7LTWFZYICNSX8D621K86;7LTWFZYICNSX8D621K86;7LTWFZYICNSX8D621K86;7LTWFZYICNSX8D621K86;VUJNWIVNFNEBFQSQE965;VUJNWIVNFNEBFQSQE965;VUJNWIVNFNEBFQSQE965;VUJNWIVNFNEBFQSQE965;VUJNWIVNFNEBFQSQE965;VUJNWIVNFNEBFQSQE965;ECHO_1_17_26_11;ECHO_1_17_26_11;BRAVO_1_18_26_11;BRAVO_1_18_26_11;2026-04-26;2026-04-26;BRAVO_2_2_26_11;BRAVO_2_2_26_11;false;false;2026-04-26T13:01:39Z;2026-04-26T13:01:39Z;5493001KJTIIGC8Y1R12;5493001KJTIIGC8Y1R12;BRAVO_2_6_26_11;BRAVO_2_6_26_11;0.0110;0.0110;ALPHA_2_8_26_11;ALPHA_2_8_26_11;BRAVO_2_9_26_11;BRAVO_2_9_26_11;2026-04-26T09:43:45Z;2026-04-26T09:43:45Z;2026-04-26;2026-04-26;2026-04-26;2026-04-26;2026-04-26;2026-04-26;6;6;2026-04-26;2026-04-26;ECHO_2_16_26_11;ECHO_2_16_26_11;true;true;DELTA_2_18_26_11;DELTA_2_18_26_11;false;false;FOXTROT_2_20_26_11;FOXTROT_2_20_26_11;1271221.00;1271221.00;0.0260;0.0260;0.0100;0.0100;ALPHA_2_24_26_11;ALPHA_2_24_26_11;17;17;CHARLIE_2_26_26_11;CHARLIE_2_26_26_11;19;19;CHARLIE_2_28_26_11;CHARLIE_2_28_26_11;1;1;1271230.00;1271230.00;0.0180;0.0180;true;true;1271233.00;1271233.00;EUR;EUR;1271235.00;1271235.00;1271236.00;1271236.00;1271237.00;1271237.00;USD;USD;ALPHA_2_39_26_11;ALPHA_2_39_26_11;DE0001135275;DE0001135275;ECHO_2_41_26_11;ECHO_2_41_26_11;0.0120;0.0120;0.0130;0.0130;0.0140;0.0140;1271245.00;1271245.00;0.0160;0.0160;GBP;GBP;1271248.00;1271248.00;USD;USD;FOXTROT_2_50_26_11;FOXTROT_2_50_26_11;2026-04-26;2026-04-26;FR;FR;7LTWFZYICNSX8D621K86;7LTWFZYICNSX8D621K86;FOXTROT_2_54_26_11;FOXTROT_2_54_26_11;true;true;US0378331005;US0378331005;ECHO_2_57_26_11;ECHO_2_57_26_11;ECHO_2_58_26_11;ECHO_2_58_26_11;ALPHA_2_59_26_11;ALPHA_2_59_26_11;1271260.00;1271260.00;EUR;EUR;0.0150;0.0150;1271263.00;1271263.00;CHF;CHF;1271265.00;1271265.00;CHF;CHF;2026-04-26;2026-04-26;ES;ES;VUJNWIVNFNEBFQSQE965;VUJNWIVNFNEBFQSQE965;ECHO_2_70_26_11;ECHO_2_70_26_11;1271271.00;1271271.00;GBP;GBP;US0378331005;US0378331005;CHARLIE_2_74_26_11;CHARLIE_2_74_26_11;0.0110;0.0110;0.0120;0.0120;0.0130;0.0130;BRAVO_2_78_26_11;BRAVO_2_78_26_11;FOXTROT_2_79_26_11;FOXTROT_2_79_26_11;1271280.00;1271280.00;ECHO_2_81_26_11;ECHO_2_81_26_11;0.0180;0.0180;2026-04-26;2026-04-26;1271284.00;1271284.00;GBP;GBP;XS0971721963;XS0971721963;BRAVO_2_87_26_11;BRAVO_2_87_26_11;false;false;CHARLIE_2_89_26_11;CHARLIE_2_89_26_11;false;false;USD;USD;0.0110;0.0110;ALPHA_2_93_26_11;ALPHA_2_93_26_11;false;false;0.0140;0.0140;ALPHA_2_96_26_11;ALPHA_2_96_26_11;1271297.00;1271297.00;EUR;EUR;BRAVO_2_99_26_11;BRAVO_2_99_26_11;MRGG;MRGE;1271302.00;1271302.00;GBP;GBP;1271304.00;1271304.00;USD;USD;1271306.00;1271306.00;EUR;EUR;1271308.00;1271308.00;EUR;EUR;1271310.00;1271310.00;GBP;GBP;1271312.00;1271312.00;CHF;CHF;true;true;1271315.00;1271315.00;GBP;GBP;1271317.00;1271317.00;USD;USD;1271319.00;1271319.00;USD;USD;true;true;1271402.00;1271402.00;EUR;EUR;1271404.00;1271404.00;EUR;EUR;0.0100;0.0100;DELTA_4_7_26_11;DELTA_4_7_26_11;2026-04-26;2026-04-26;XS0971721963;XS0971721963;1271410.00;1271410.00;CHF;CHF;0.0160;0.0160;1271413.00;1271413.00;USD;USD;7LTWFZYICNSX8D621K86;7LTWFZYICNSX8D621K86;0.0200;0.0200;0.0210;0.0210;0.0220;0.0220
SNDR20260326012;Repo;NEWT;2026-04-26T11:43:11Z;2026-04-26T11:43:11Z;VUJNWIVNFNEBFQSQE965;VUJNWIVNFNEBFQSQE965;5493001KJTIIGC8Y1R12;5493001KJTIIGC8Y1R12;CHARLIE_1_4_26_12;CHARLIE_1_4_26_12;ECHO_1_5_26_12;ECHO_1_5_26_12;CHARLIE_1_6_26_12;CHARLIE_1_6_26_12;IT;IT;GIVE;TAKE;R0MUWSFPU8MPRO8K5P81;R0MUWSFPU8MPRO8K5P81;NL;NL;7LTWFZYICNSX8D621K86;7LTWFZYICNSX8D621K86;VUJNWIVNFNEBFQSQE965;VUJNWIVNFNEBFQSQE965;VUJNWIVNFNEBFQSQE965;VUJNWIVNFNEBFQSQE965;7LTWFZYICNSX8D621K86;7LTWFZYICNSX8D621K86;R0MUWSFPU8MPRO8K5P81;R0MUWSFPU8MPRO8K5P81;5493001KJTIIGC8Y1R12;5493001KJTIIGC8Y1R12;DELTA_1_17_26_12;DELTA_1_17_26_12;CHARLIE_1_18_26_12;CHARLIE_1_18_26_12;2026-04-26;2026-04-26;DELTA_2_2_26_12;DELTA_2_2_26_12;true;true;2026-04-26T14:04:44Z;2026-04-26T14:04:44Z;VUJNWIVNFNEBFQSQE965;VUJNWIVNFNEBFQSQE965;ECHO_2_6_26_12;ECHO_2_6_26_12;0.0120;0.0120;ALPHA_2_8_26_12;ALPHA_2_8_26_12;ALPHA_2_9_26_12;ALPHA_2_9_26_12;2026-04-26T10:46:50Z;2026-04-26T10:46:50Z;2026-04-26;2026-04-26;2026-04-26;2026-04-26;2026-04-26;2026-04-26;7;7;2026-04-26;2026-04-26;BRAVO_2_16_26_12;BRAVO_2_16_26_12;true;true;DELTA_2_18_26_12;DELTA_2_18_26_12;true;true;ECHO_2_20_26_12;ECHO_2_20_26_12;1272221.00;1272221.00;0.0100;0.0100;0.0110;0.0110;DELTA_2_24_26_12;DELTA_2_24_26_12;18;18;BRAVO_2_26_26_12;BRAVO_2_26_26_12;20;20;BRAVO_2_28_26_12;BRAVO_2_28_26_12;2;2;1272230.00;1272230.00;0.0190;0.0190;true;true;1272233.00;1272233.00;CHF;CHF;1272235.00;1272235.00;1272236.00;1272236.00;1272237.00;1272237.00;CHF;CHF;ECHO_2_39_26_12;ECHO_2_39_26_12;DE0001135275;DE0001135275;ALPHA_2_41_26_12;ALPHA_2_41_26_12;0.0130;0.0130;0.0140;0.0140;0.0150;0.0150;1272245.00;1272245.00;0.0170;0.0170;USD;USD;1272248.00;1272248.00;EUR;EUR;ALPHA_2_50_26_12;ALPHA_2_50_26_12;2026-04-26;2026-04-26;NL;NL;7LTWFZYICNSX8D621K86;7LTWFZYICNSX8D621K86;ECHO_2_54_26_12;ECHO_2_54_26_12;false;false;US0378331005;US0378331005;CHARLIE_2_57_26_12;CHARLIE_2_57_26_12;ALPHA_2_58_26_12;ALPHA_2_58_26_12;DELTA_2_59_26_12;DELTA_2_59_26_12;1272260.00;1272260.00;EUR;EUR;0.0160;0.0160;1272263.00;1272263.00;GBP;GBP;1272265.00;1272265.00;GBP;GBP;2026-04-26;2026-04-26;BE;BE;5493001KJTIIGC8Y1R12;5493001KJTIIGC8Y1R12;FOXTROT_2_70_26_12;FOXTROT_2_70_26_12;1272271.00;1272271.00;GBP;GBP;FR0013451524;FR0013451524;ECHO_2_74_26_12;ECHO_2_74_26_12;0.0120;0.0120;0.0130;0.0130;0.0140;0.0140;CHARLIE_2_78_26_12;CHARLIE_2_78_26_12;DELTA_2_79_26_12;DELTA_2_79_26_12;1272280.00;1272280.00;ECHO_2_81_26_12;ECHO_2_81_26_12;0.0190;0.0190;2026-04-26;2026-04-26;1272284.00;1272284.00;CHF;CHF;US0378331005;US0378331005;ECHO_2_87_26_12;ECHO_2_87_26_12;true;true;BRAVO_2_89_26_12;BRAVO_2_89_26_12;false;false;EUR;EUR;0.0120;0.0120;BRAVO_2_93_26_12;BRAVO_2_93_26_12;false;false;0.0150;0.0150;ALPHA_2_96_26_12;ALPHA_2_96_26_12;1272297.00;1272297.00;EUR;EUR;FOXTROT_2_99_26_12;FOXTROT_2_99_26_12;MRGG;MRGE;1272302.00;1272302.00;EUR;EUR;1272304.00;1272304.00;GBP;GBP;1272306.00;1272306.00;CHF;CHF;1272308.00;1272308.00;USD;USD;1272310.00;1272310.00;CHF;CHF;1272312.00;1272312.00;CHF;CHF;false;false;1272315.00;1272315.00;EUR;EUR;1272317.00;1272317.00;EUR;EUR;1272319.00;1272319.00;CHF;CHF;false;false;1272402.00;1272402.00;GBP;GBP;1272404.00;1272404.00;USD;USD;0.0110;0.0110;DELTA_4_7_26_12;DELTA_4_7_26_12;2026-04-26;2026-04-26;XS0971721963;XS0971721963;1272410.00;1272410.00;CHF;CHF;0.0170;0.0170;1272413.00;1272413.00;CHF;CHF;7LTWFZYICNSX8D621K86;7LTWFZYICNSX8D621K86;0.0210;0.0210;0.0220;0.0220;0.0230;0.0230
SNDR20260326013;Repo;NEWT;2026-04-26T12:46:16Z;2026-04-26T12:46:16Z;VUJNWIVNFNEBFQSQE965;VUJNWIVNFNEBFQSQE965;5493001KJTIIGC8Y1R12;5493001KJTIIGC8Y1R12;BRAVO_1_4_26_13;BRAVO_1_4_26_13;BRAVO_1_5_26_13;BRAVO_1_5_26_13;DELTA_1_6_26_13;DELTA_1_6_26_13;NL;NL;GIVE;TAKE;5493001KJTIIGC8Y1R12;5493001KJTIIGC8Y1R12;IT;IT;R0MUWSFPU8MPRO8K5P81;R0MUWSFPU8MPRO8K5P81;7LTWFZYICNSX8D621K86;7LTWFZYICNSX8D621K86;5493001KJTIIGC8Y1R12;5493001KJTIIGC8Y1R12;5493001KJTIIGC8Y1R12;5493001KJTIIGC8Y1R12;VUJNWIVNFNEBFQSQE965;VUJNWIVNFNEBFQSQE965;VUJNWIVNFNEBFQSQE965;VUJNWIVNFNEBFQSQE965;CHARLIE_1_17_26_13;CHARLIE_1_17_26_13;FOXTROT_1_18_26_13;FOXTROT_1_18_26_13;2026-04-26;2026-04-26;ALPHA_2_2_26_13;ALPHA_2_2_26_13;true;true;2026-04-26T15:07:49Z;2026-04-26T15:07:49Z;7LTWFZYICNSX8D621K86;7LTWFZYICNSX8D621K86;ALPHA_2_6_26_13;ALPHA_2_6_26_13;0.0130;0.0130;BRAVO_2_8_26_13;BRAVO_2_8_26_13;FOXTROT_2_9_26_13;FOXTROT_2_9_26_13;2026-04-26T11:49:55Z;2026-04-26T11:49:55Z;2026-04-26;2026-04-26;2026-04-26;2026-04-26;2026-04-26;2026-04-26;8;8;2026-04-26;2026-04-26;CHARLIE_2_16_26_13;CHARLIE_2_16_26_13;false;false;DELTA_2_18_26_13;DELTA_2_18_26_13;true;true;CHARLIE_2_20_26_13;CHARLIE_2_20_26_13;1273221.00;1273221.00;0.0110;0.0110;0.0120;0.0120;FOXTROT_2_24_26_13;FOXTROT_2_24_26_13;19;19;ECHO_2_26_26_13;ECHO_2_26_26_13;1;1;ECHO_2_28_26_13;ECHO_2_28_26_13;3;3;1273230.00;1273230.00;0.0200;0.0200;true;true;1273233.00;1273233.00;EUR;EUR;1273235.00;1273235.00;1273236.00;1273236.00;1273237.00;1273237.00;GBP;GBP;DELTA_2_39_26_13;DELTA_2_39_26_13;XS0971721963;XS0971721963;CHARLIE_2_41_26_13;CHARLIE_2_41_26_13;0.0140;0.0140;0.0150;0.0150;0.0160;0.0160;1273245.00;1273245.00;0.0180;0.0180;GBP;GBP;1273248.00;1273248.00;GBP;GBP;FOXTROT_2_50_26_13;FOXTROT_2_50_26_13;2026-04-26;2026-04-26;BE;BE;R0MUWSFPU8MPRO8K5P81;R0MUWSFPU8MPRO8K5P81;ECHO_2_54_26_13;ECHO_2_54_26_13;false;false;DE0001135275;DE0001135275;CHARLIE_2_57_26_13;CHARLIE_2_57_26_13;ECHO_2_58_26_13;ECHO_2_58_26_13;DELTA_2_59_26_13;DELTA_2_59_26_13;1273260.00;1273260.00;CHF;CHF;0.0170;0.0170;1273263.00;1273263.00;USD;USD;1273265.00;1273265.00;USD;USD;2026-04-26;2026-04-26;BE;BE;5493001KJTIIGC8Y1R12;5493001KJTIIGC8Y1R12;BRAVO_2_70_26_13;BRAVO_2_70_26_13;1273271.00;1273271.00;EUR;EUR;US0378331005;US0378331005;DELTA_2_74_26_13;DELTA_2_74_26_13;0.0130;0.0130;0.0140;0.0140;0.0150;0.0150;BRAVO_2_78_26_13;BRAVO_2_78_26_13;BRAVO_2_79_26_13;BRAVO_2_79_26_13;1273280.00;1273280.00;ECHO_2_81_26_13;ECHO_2_81_26_13;0.0200;0.0200;2026-04-26;2026-04-26;1273284.00;1273284.00;EUR;EUR;US0378331005;US0378331005;ALPHA_2_87_26_13;ALPHA_2_87_26_13;true;true;ALPHA_2_89_26_13;ALPHA_2_89_26_13;false;false;CHF;CHF;0.0130;0.0130;FOXTROT_2_93_26_13;FOXTROT_2_93_26_13;true;true;0.0160;0.0160;CHARLIE_2_96_26_13;CHARLIE_2_96_26_13;1273297.00;1273297.00;USD;USD;FOXTROT_2_99_26_13;FOXTROT_2_99_26_13;MRGG;MRGE;1273302.00;1273302.00;CHF;CHF;1273304.00;1273304.00;USD;USD;1273306.00;1273306.00;CHF;CHF;1273308.00;1273308.00;USD;USD;1273310.00;1273310.00;CHF;CHF;1273312.00;1273312.00;CHF;CHF;true;true;1273315.00;1273315.00;GBP;GBP;1273317.00;1273317.00;GBP;GBP;1273319.00;1273319.00;CHF;CHF;false;false;1273402.00;1273402.00;EUR;EUR;1273404.00;1273404.00;USD;USD;0.0120;0.0120;CHARLIE_4_7_26_13;CHARLIE_4_7_26_13;2026-04-26;2026-04-26;XS0971721963;XS0971721963;1273410.00;1273410.00;CHF;CHF;0.0180;0.0180;1273413.00;1273413.00;EUR;EUR;5493001KJTIIGC8Y1R12;5493001KJTIIGC8Y1R12;0.0220;0.0220;0.0230;0.0230;0.0240;0.0240
SNDR20260326014;Repo;NEWT;2026-04-26T13:49:21Z;2026-04-26T13:49:21Z;VUJNWIVNFNEBFQSQE965;VUJNWIVNFNEBFQSQE965;5493001KJTIIGC8Y1R12;5493001KJTIIGC8Y1R12;CHARLIE_1_4_26_14;CHARLIE_1_4_26_14;DELTA_1_5_26_14;DELTA_1_5_26_14;DELTA_1_6_26_14;DELTA_1_6_26_14;ES;ES;GIVE;TAKE;5493001KJTIIGC8Y1R12;5493001KJTIIGC8Y1R12;FR;FR;R0MUWSFPU8MPRO8K5P81;R0MUWSFPU8MPRO8K5P81;R0MUWSFPU8MPRO8K5P81;R0MUWSFPU8MPRO8K5P81;7LTWFZYICNSX8D621K86;7LTWFZYICNSX8D621K86;R0MUWSFPU8MPRO8K5P81;R0MUWSFPU8MPRO8K5P81;R0MUWSFPU8MPRO8K5P81;R0MUWSFPU8MPRO8K5P81;5493001KJTIIGC8Y1R12;5493001KJTIIGC8Y1R12;ALPHA_1_17_26_14;ALPHA_1_17_26_14;FOXTROT_1_18_26_14;FOXTROT_1_18_26_14;2026-04-26;2026-04-26;ECHO_2_2_26_14;ECHO_2_2_26_14;false;false;2026-04-26T16:10:54Z;2026-04-26T16:10:54Z;5493001KJTIIGC8Y1R12;5493001KJTIIGC8Y1R12;ECHO_2_6_26_14;ECHO_2_6_26_14;0.0140;0.0140;BRAVO_2_8_26_14;BRAVO_2_8_26_14;CHARLIE_2_9_26_14;CHARLIE_2_9_26_14;2026-04-26T12:52:00Z;2026-04-26T12:52:00Z;2026-04-26;2026-04-26;2026-04-26;2026-04-26;2026-04-26;2026-04-26;9;9;2026-04-26;2026-04-26;FOXTROT_2_16_26_14;FOXTROT_2_16_26_14;false;false;DELTA_2_18_26_14;DELTA_2_18_26_14;true;true;BRAVO_2_20_26_14;BRAVO_2_20_26_14;1274221.00;1274221.00;0.0120;0.0120;0.0130;0.0130;DELTA_2_24_26_14;DELTA_2_24_26_14;20;20;CHARLIE_2_26_26_14;CHARLIE_2_26_26_14;2;2;ECHO_2_28_26_14;ECHO_2_28_26_14;4;4;1274230.00;1274230.00;0.0210;0.0210;false;false;1274233.00;1274233.00;CHF;CHF;1274235.00;1274235.00;1274236.00;1274236.00;1274237.00;1274237.00;USD;USD;ALPHA_2_39_26_14;ALPHA_2_39_26_14;FR0013451524;FR0013451524;CHARLIE_2_41_26_14;CHARLIE_2_41_26_14;0.0150;0.0150;0.0160;0.0160;0.0170;0.0170;1274245.00;1274245.00;0.0190;0.0190;EUR;EUR;1274248.00;1274248.00;EUR;EUR;BRAVO_2_50_26_14;BRAVO_2_50_26_14;2026-04-26;2026-04-26;NL;NL;7LTWFZYICNSX8D621K86;7LTWFZYICNSX8D621K86;BRAVO_2_54_26_14;BRAVO_2_54_26_14;false;false;XS0971721963;XS0971721963;FOXTROT_2_57_26_14;FOXTROT_2_57_26_14;BRAVO_2_58_26_14;BRAVO_2_58_26_14;BRAVO_2_59_26_14;BRAVO_2_59_26_14;1274260.00;1274260.00;GBP;GBP;0.0180;0.0180;1274263.00;1274263.00;EUR;EUR;1274265.00;1274265.00;CHF;CHF;2026-04-26;2026-04-26;NL;NL;VUJNWIVNFNEBFQSQE965;VUJNWIVNFNEBFQSQE965;CHARLIE_2_70_26_14;CHARLIE_2_70_26_14;1274271.00;1274271.00;GBP;GBP;DE0001135275;DE0001135275;ECHO_2_74_26_14;ECHO_2_74_26_14;0.0140;0.0140;0.0150;0.0150;0.0160;0.0160;ECHO_2_78_26_14;ECHO_2_78_26_14;ALPHA_2_79_26_14;ALPHA_2_79_26_14;1274280.00;1274280.00;ECHO_2_81_26_14;ECHO_2_81_26_14;0.0210;0.0210;2026-04-26;2026-04-26;1274284.00;1274284.00;GBP;GBP;US0378331005;US0378331005;CHARLIE_2_87_26_14;CHARLIE_2_87_26_14;true;true;FOXTROT_2_89_26_14;FOXTROT_2_89_26_14;false;false;USD;USD;0.0140;0.0140;CHARLIE_2_93_26_14;CHARLIE_2_93_26_14;true;true;0.0170;0.0170;DELTA_2_96_26_14;DELTA_2_96_26_14;1274297.00;1274297.00;GBP;GBP;CHARLIE_2_99_26_14;CHARLIE_2_99_26_14;MRGG;MRGE;1274302.00;1274302.00;USD;USD;1274304.00;1274304.00;CHF;CHF;1274306.00;1274306.00;GBP;GBP;1274308.00;1274308.00;EUR;EUR;1274310.00;1274310.00;USD;USD;1274312.00;1274312.00;CHF;CHF;false;false;1274315.00;1274315.00;CHF;CHF;1274317.00;1274317.00;CHF;CHF;1274319.00;1274319.00;GBP;GBP;true;true;1274402.00;1274402.00;USD;USD;1274404.00;1274404.00;EUR;EUR;0.0130;0.0130;CHARLIE_4_7_26_14;CHARLIE_4_7_26_14;2026-04-26;2026-04-26;US0378331005;US0378331005;1274410.00;1274410.00;GBP;GBP;0.0190;0.0190;1274413.00;1274413.00;GBP;GBP;VUJNWIVNFNEBFQSQE965;VUJNWIVNFNEBFQSQE965;0.0230;0.0230;0.0240;0.0240;0.0250;0.0250
SNDR20260326015;Repo;NEWT;2026-04-26T14:52:26Z;2026-04-26T14:52:26Z;VUJNWIVNFNEBFQSQE965;VUJNWIVNFNEBFQSQE965;7LTWFZYICNSX8D621K86;7LTWFZYICNSX8D621K86;ECHO_1_4_26_15;ECHO_1_4_26_15;ECHO_1_5_26_15;ECHO_1_5_26_15;CHARLIE_1_6_26_15;CHARLIE_1_6_26_15;DE;DE;GIVE;TAKE;VUJNWIVNFNEBFQSQE965;VUJNWIVNFNEBFQSQE965;IT;IT;R0MUWSFPU8MPRO8K5P81;R0MUWSFPU8MPRO8K5P81;5493001KJTIIGC8Y1R12;5493001KJTIIGC8Y1R12;VUJNWIVNFNEBFQSQE965;VUJNWIVNFNEBFQSQE965;VUJNWIVNFNEBFQSQE965;VUJNWIVNFNEBFQSQE965;5493001KJTIIGC8Y1R12;5493001KJTIIGC8Y1R12;5493001KJTIIGC8Y1R12;5493001KJTIIGC8Y1R12;ECHO_1_17_26_15;ECHO_1_17_26_15;ALPHA_1_18_26_15;ALPHA_1_18_26_15;2026-04-26;2026-04-26;ECHO_2_2_26_15;ECHO_2_2_26_15;true;true;2026-04-26T17:13:59Z;2026-04-26T17:13:59Z;7LTWFZYICNSX8D621K86;7LTWFZYICNSX8D621K86;ALPHA_2_6_26_15;ALPHA_2_6_26_15;0.0150;0.0150;ECHO_2_8_26_15;ECHO_2_8_26_15;ALPHA_2_9_26_15;ALPHA_2_9_26_15;2026-04-26T13:55:05Z;2026-04-26T13:55:05Z;2026-04-26;2026-04-26;2026-04-26;2026-04-26;2026-04-26;2026-04-26;10;10;2026-04-26;2026-04-26;BRAVO_2_16_26_15;BRAVO_2_16_26_15;true;true;ALPHA_2_18_26_15;ALPHA_2_18_26_15;false;false;DELTA_2_20_26_15;DELTA_2_20_26_15;1275221.00;1275221.00;0.0130;0.0130;0.0140;0.0140;BRAVO_2_24_26_15;BRAVO_2_24_26_15;1;1;ECHO_2_26_26_15;ECHO_2_26_26_15;3;3;FOXTROT_2_28_26_15;FOXTROT_2_28_26_15;5;5;1275230.00;1275230.00;0.0220;0.0220;false;false;1275233.00;1275233.00;GBP;GBP;1275235.00;1275235.00;1275236.00;1275236.00;1275237.00;1275237.00;EUR;EUR;CHARLIE_2_39_26_15;CHARLIE_2_39_26_15;DE0001135275;DE0001135275;BRAVO_2_41_26_15;BRAVO_2_41_26_15;0.0160;0.0160;0.0170;0.0170;0.0180;0.0180;1275245.00;1275245.00;0.0200;0.0200;EUR;EUR;1275248.00;1275248.00;USD;USD;CHARLIE_2_50_26_15;CHARLIE_2_50_26_15;2026-04-26;2026-04-26;NL;NL;VUJNWIVNFNEBFQSQE965;VUJNWIVNFNEBFQSQE965;ECHO_2_54_26_15;ECHO_2_54_26_15;true;true;FR0013451524;FR0013451524;ALPHA_2_57_26_15;ALPHA_2_57_26_15;ECHO_2_58_26_15;ECHO_2_58_26_15;DELTA_2_59_26_15;DELTA_2_59_26_15;1275260.00;1275260.00;EUR;EUR;0.0190;0.0190;1275263.00;1275263.00;CHF;CHF;1275265.00;1275265.00;EUR;EUR;2026-04-26;2026-04-26;DE;DE;R0MUWSFPU8MPRO8K5P81;R0MUWSFPU8MPRO8K5P81;CHARLIE_2_70_26_15;CHARLIE_2_70_26_15;1275271.00;1275271.00;CHF;CHF;DE0001135275;DE0001135275;DELTA_2_74_26_15;DELTA_2_74_26_15;0.0150;0.0150;0.0160;0.0160;0.0170;0.0170;ECHO_2_78_26_15;ECHO_2_78_26_15;CHARLIE_2_79_26_15;CHARLIE_2_79_26_15;1275280.00;1275280.00;CHARLIE_2_81_26_15;CHARLIE_2_81_26_15;0.0220;0.0220;2026-04-26;2026-04-26;1275284.00;1275284.00;USD;USD;XS0971721963;XS0971721963;ALPHA_2_87_26_15;ALPHA_2_87_26_15;true;true;DELTA_2_89_26_15;DELTA_2_89_26_15;false;false;CHF;CHF;0.0150;0.0150;ECHO_2_93_26_15;ECHO_2_93_26_15;false;false;0.0180;0.0180;DELTA_2_96_26_15;DELTA_2_96_26_15;1275297.00;1275297.00;EUR;EUR;ALPHA_2_99_26_15;ALPHA_2_99_26_15;MRGG;MRGE;1275302.00;1275302.00;CHF;CHF;1275304.00;1275304.00;GBP;GBP;1275306.00;1275306.00;CHF;CHF;1275308.00;1275308.00;EUR;EUR;1275310.00;1275310.00;EUR;EUR;1275312.00;1275312.00;USD;USD;true;true;1275315.00;1275315.00;USD;USD;1275317.00;1275317.00;EUR;EUR;1275319.00;1275319.00;USD;USD;true;true;1275402.00;1275402.00;CHF;CHF;1275404.00;1275404.00;CHF;CHF;0.0140;0.0140;BRAVO_4_7_26_15;BRAVO_4_7_26_15;2026-04-26;2026-04-26;XS0971721963;XS0971721963;1275410.00;1275410.00;EUR;EUR;0.0200;0.0200;1275413.00;1275413.00;USD;USD;5493001KJTIIGC8Y1R12;5493001KJTIIGC8Y1R12;0.0240;0.0240;0.0250;0.0250;0.0260;0.0260
SNDR20260326016;Repo;NEWT;2026-04-26T15:55:31Z;2026-04-26T15:55:31Z;7LTWFZYICNSX8D621K86;7LTWFZYICNSX8D621K86;5493001KJTIIGC8Y1R12;5493001KJTIIGC8Y1R12;CHARLIE_1_4_26_16;CHARLIE_1_4_26_16;DELTA_1_5_26_16;DELTA_1_5_26_16;FOXTROT_1_6_26_16;FOXTROT_1_6_26_16;ES;ES;GIVE;TAKE;VUJNWIVNFNEBFQSQE965;VUJNWIVNFNEBFQSQE965;IT;IT;VUJNWIVNFNEBFQSQE965;VUJNWIVNFNEBFQSQE965;7LTWFZYICNSX8D621K86;7LTWFZYICNSX8D621K86;5493001KJTIIGC8Y1R12;5493001KJTIIGC8Y1R12;R0MUWSFPU8MPRO8K5P81;R0MUWSFPU8MPRO8K5P81;VUJNWIVNFNEBFQSQE965;VUJNWIVNFNEBFQSQE965;R0MUWSFPU8MPRO8K5P81;R0MUWSFPU8MPRO8K5P81;CHARLIE_1_17_26_16;CHARLIE_1_17_26_16;DELTA_1_18_26_16;DELTA_1_18_26_16;2026-04-26;2026-04-26;BRAVO_2_2_26_16;BRAVO_2_2_26_16;true;true;2026-04-26T08:16:04Z;2026-04-26T08:16:04Z;VUJNWIVNFNEBFQSQE965;VUJNWIVNFNEBFQSQE965;CHARLIE_2_6_26_16;CHARLIE_2_6_26_16;0.0160;0.0160;ALPHA_2_8_26_16;ALPHA_2_8_26_16;ALPHA_2_9_26_16;ALPHA_2_9_26_16;2026-04-26T14:58:10Z;2026-04-26T14:58:10Z;2026-04-26;2026-04-26;2026-04-26;2026-04-26;2026-04-26;2026-04-26;11;11;2026-04-26;2026-04-26;CHARLIE_2_16_26_16;CHARLIE_2_16_26_16;false;false;CHARLIE_2_18_26_16;CHARLIE_2_18_26_16;true;true;FOXTROT_2_20_26_16;FOXTROT_2_20_26_16;1276221.00;1276221.00;0.0140;0.0140;0.0150;0.0150;FOXTROT_2_24_26_16;FOXTROT_2_24_26_16;2;2;CHARLIE_2_26_26_16;CHARLIE_2_26_26_16;4;4;ECHO_2_28_26_16;ECHO_2_28_26_16;6;6;1276230.00;1276230.00;0.0230;0.0230;false;false;1276233.00;1276233.00;EUR;EUR;1276235.00;1276235.00;1276236.00;1276236.00;1276237.00;1276237.00;GBP;GBP;FOXTROT_2_39_26_16;FOXTROT_2_39_26_16;US0378331005;US0378331005;DELTA_2_41_26_16;DELTA_2_41_26_16;0.0170;0.0170;0.0180;0.0180;0.0190;0.0190;1276245.00;1276245.00;0.0210;0.0210;EUR;EUR;1276248.00;1276248.00;EUR;EUR;FOXTROT_2_50_26_16;FOXTROT_2_50_26_16;2026-04-26;2026-04-26;BE;BE;VUJNWIVNFNEBFQSQE965;VUJNWIVNFNEBFQSQE965;DELTA_2_54_26_16;DELTA_2_54_26_16;true;true;XS0971721963;XS0971721963;BRAVO_2_57_26_16;BRAVO_2_57_26_16;ECHO_2_58_26_16;ECHO_2_58_26_16;ALPHA_2_59_26_16;ALPHA_2_59_26_16;1276260.00;1276260.00;EUR;EUR;0.0200;0.0200;1276263.00;1276263.00;EUR;EUR;1276265.00;1276265.00;USD;USD;2026-04-26;2026-04-26;BE;BE;5493001KJTIIGC8Y1R12;5493001KJTIIGC8Y1R12;ALPHA_2_70_26_16;ALPHA_2_70_26_16;1276271.00;1276271.00;USD;USD;FR0013451524;FR0013451524;FOXTROT_2_74_26_16;FOXTROT_2_74_26_16;0.0160;0.0160;0.0170;0.0170;0.0180;0.0180;FOXTROT_2_78_26_16;FOXTROT_2_78_26_16;FOXTROT_2_79_26_16;FOXTROT_2_79_26_16;1276280.00;1276280.00;BRAVO_2_81_26_16;BRAVO_2_81_26_16;0.0230;0.0230;2026-04-26;2026-04-26;1276284.00;1276284.00;EUR;EUR;US0378331005;US0378331005;CHARLIE_2_87_26_16;CHARLIE_2_87_26_16;true;true;ECHO_2_89_26_16;ECHO_2_89_26_16;true;true;USD;USD;0.0160;0.0160;ECHO_2_93_26_16;ECHO_2_93_26_16;false;false;0.0190;0.0190;BRAVO_2_96_26_16;BRAVO_2_96_26_16;1276297.00;1276297.00;CHF;CHF;BRAVO_2_99_26_16;BRAVO_2_99_26_16;MRGG;MRGE;1276302.00;1276302.00;GBP;GBP;1276304.00;1276304.00;USD;USD;1276306.00;1276306.00;EUR;EUR;1276308.00;1276308.00;EUR;EUR;1276310.00;1276310.00;USD;USD;1276312.00;1276312.00;EUR;EUR;true;true;1276315.00;1276315.00;CHF;CHF;1276317.00;1276317.00;GBP;GBP;1276319.00;1276319.00;CHF;CHF;false;false;1276402.00;1276402.00;USD;USD;1276404.00;1276404.00;GBP;GBP;0.0150;0.0150;ALPHA_4_7_26_16;ALPHA_4_7_26_16;2026-04-26;2026-04-26;DE0001135275;DE0001135275;1276410.00;1276410.00;USD;USD;0.0210;0.0210;1276413.00;1276413.00;EUR;EUR;R0MUWSFPU8MPRO8K5P81;R0MUWSFPU8MPRO8K5P81;0.0250;0.0250;0.0260;0.0260;0.0100;0.0100
SNDR20260326017;Repo;NEWT;2026-04-26T16:58:36Z;2026-04-26T16:58:36Z;5493001KJTIIGC8Y1R12;5493001KJTIIGC8Y1R12;5493001KJTIIGC8Y1R12;5493001KJTIIGC8Y1R12;DELTA_1_4_26_17;DELTA_1_4_26_17;BRAVO_1_5_26_17;BRAVO_1_5_26_17;ALPHA_1_6_26_17;ALPHA_1_6_26_17;ES;ES;GIVE;TAKE;R0MUWSFPU8MPRO8K5P81;R0MUWSFPU8MPRO8K5P81;FR;FR;5493001KJTIIGC8Y1R12;5493001KJTIIGC8Y1R12;R0MUWSFPU8MPRO8K5P81;R0MUWSFPU8MPRO8K5P81;R0MUWSFPU8MPRO8K5P81;R0MUWSFPU8MPRO8K5P81;VUJNWIVNFNEBFQSQE965;VUJNWIVNFNEBFQSQE965;R0MUWSFPU8MPRO8K5P81;R0MUWSFPU8MPRO8K5P81;7LTWFZYICNSX8D621K86;7LTWFZYICNSX8D621K86;FOXTROT_1_17_26_17;FOXTROT_1_17_26_17;ECHO_1_18_26_17;ECHO_1_18_26_17;2026-04-26;2026-04-26;ALPHA_2_2_26_17;ALPHA_2_2_26_17;true;true;2026-04-26T09:19:09Z;2026-04-26T09:19:09Z;VUJNWIVNFNEBFQSQE965;VUJNWIVNFNEBFQSQE965;ECHO_2_6_26_17;ECHO_2_6_26_17;0.0170;0.0170;CHARLIE_2_8_26_17;CHARLIE_2_8_26_17;CHARLIE_2_9_26_17;CHARLIE_2_9_26_17;2026-04-26T15:01:15Z;2026-04-26T15:01:15Z;2026-04-26;2026-04-26;2026-04-26;2026-04-26;2026-04-26;2026-04-26;12;12;2026-04-26;2026-04-26;BRAVO_2_16_26_17;BRAVO_2_16_26_17;false;false;ALPHA_2_18_26_17;ALPHA_2_18_26_17;false;false;DELTA_2_20_26_17;DELTA_2_20_26_17;1277221.00;1277221.00;0.0150;0.0150;0.0160;0.0160;ALPHA_2_24_26_17;ALPHA_2_24_26_17;3;3;BRAVO_2_26_26_17;BRAVO_2_26_26_17;5;5;FOXTROT_2_28_26_17;FOXTROT_2_28_26_17;7;7;1277230.00;1277230.00;0.0240;0.0240;true;true;1277233.00;1277233.00;CHF;CHF;1277235.00;1277235.00;1277236.00;1277236.00;1277237.00;1277237.00;EUR;EUR;DELTA_2_39_26_17;DELTA_2_39_26_17;FR0013451524;FR0013451524;BRAVO_2_41_26_17;BRAVO_2_41_26_17;0.0180;0.0180;0.0190;0.0190;0.0200;0.0200;1277245.00;1277245.00;0.0220;0.0220;USD;USD;1277248.00;1277248.00;GBP;GBP;ECHO_2_50_26_17;ECHO_2_50_26_17;2026-04-26;2026-04-26;FR;FR;7LTWFZYICNSX8D621K86;7LTWFZYICNSX8D621K86;CHARLIE_2_54_26_17;CHARLIE_2_54_26_17;false;false;DE0001135275;DE0001135275;CHARLIE_2_57_26_17;CHARLIE_2_57_26_17;CHARLIE_2_58_26_17;CHARLIE_2_58_26_17;FOXTROT_2_59_26_17;FOXTROT_2_59_26_17;1277260.00;1277260.00;USD;USD;0.0210;0.0210;1277263.00;1277263.00;CHF;CHF;1277265.00;1277265.00;CHF;CHF;2026-04-26;2026-04-26;IT;IT;R0MUWSFPU8MPRO8K5P81;R0MUWSFPU8MPRO8K5P81;CHARLIE_2_70_26_17;CHARLIE_2_70_26_17;1277271.00;1277271.00;CHF;CHF;FR0013451524;FR0013451524;CHARLIE_2_74_26_17;CHARLIE_2_74_26_17;0.0170;0.0170;0.0180;0.0180;0.0190;0.0190;CHARLIE_2_78_26_17;CHARLIE_2_78_26_17;DELTA_2_79_26_17;DELTA_2_79_26_17;1277280.00;1277280.00;FOXTROT_2_81_26_17;FOXTROT_2_81_26_17;0.0240;0.0240;2026-04-26;2026-04-26;1277284.00;1277284.00;EUR;EUR;FR0013451524;FR0013451524;ECHO_2_87_26_17;ECHO_2_87_26_17;true;true;CHARLIE_2_89_26_17;CHARLIE_2_89_26_17;false;false;GBP;GBP;0.0170;0.0170;ALPHA_2_93_26_17;ALPHA_2_93_26_17;false;false;0.0200;0.0200;ECHO_2_96_26_17;ECHO_2_96_26_17;1277297.00;1277297.00;EUR;EUR;ALPHA_2_99_26_17;ALPHA_2_99_26_17;MRGG;MRGE;1277302.00;1277302.00;EUR;EUR;1277304.00;1277304.00;GBP;GBP;1277306.00;1277306.00;CHF;CHF;1277308.00;1277308.00;USD;USD;1277310.00;1277310.00;GBP;GBP;1277312.00;1277312.00;GBP;GBP;false;false;1277315.00;1277315.00;EUR;EUR;1277317.00;1277317.00;USD;USD;1277319.00;1277319.00;USD;USD;true;true;1277402.00;1277402.00;GBP;GBP;1277404.00;1277404.00;EUR;EUR;0.0160;0.0160;ECHO_4_7_26_17;ECHO_4_7_26_17;2026-04-26;2026-04-26;US0378331005;US0378331005;1277410.00;1277410.00;EUR;EUR;0.0220;0.0220;1277413.00;1277413.00;EUR;EUR;VUJNWIVNFNEBFQSQE965;VUJNWIVNFNEBFQSQE965;0.0260;0.0260;0.0100;0.0100;0.0110;0.0110
SNDR20260326018;Repo;NEWT;2026-04-26T17:01:41Z;2026-04-26T17:01:41Z;R0MUWSFPU8MPRO8K5P81;R0MUWSFPU8MPRO8K5P81;7LTWFZYICNSX8D621K86;7LTWFZYICNSX8D621K86;FOXTROT_1_4_26_18;FOXTROT_1_4_26_18;DELTA_1_5_26_18;DELTA_1_5_26_18;CHARLIE_1_6_26_18;CHARLIE_1_6_26_18;NL;NL;GIVE;TAKE;5493001KJTIIGC8Y1R12;5493001KJTIIGC8Y1R12;NL;NL;7LTWFZYICNSX8D621K86;7LTWFZYICNSX8D621K86;7LTWFZYICNSX8D621K86;7LTWFZYICNSX8D621K86;VUJNWIVNFNEBFQSQE965;VUJNWIVNFNEBFQSQE965;5493001KJTIIGC8Y1R12;5493001KJTIIGC8Y1R12;7LTWFZYICNSX8D621K86;7LTWFZYICNSX8D621K86;R0MUWSFPU8MPRO8K5P81;R0MUWSFPU8MPRO8K5P81;ECHO_1_17_26_18;ECHO_1_17_26_18;ALPHA_1_18_26_18;ALPHA_1_18_26_18;2026-04-26;2026-04-26;BRAVO_2_2_26_18;BRAVO_2_2_26_18;true;true;2026-04-26T10:22:14Z;2026-04-26T10:22:14Z;R0MUWSFPU8MPRO8K5P81;R0MUWSFPU8MPRO8K5P81;ALPHA_2_6_26_18;ALPHA_2_6_26_18;0.0180;0.0180;FOXTROT_2_8_26_18;FOXTROT_2_8_26_18;FOXTROT_2_9_26_18;FOXTROT_2_9_26_18;2026-04-26T16:04:20Z;2026-04-26T16:04:20Z;2026-04-26;2026-04-26;2026-04-26;2026-04-26;2026-04-26;2026-04-26;13;13;2026-04-26;2026-04-26;CHARLIE_2_16_26_18;CHARLIE_2_16_26_18;true;true;DELTA_2_18_26_18;DELTA_2_18_26_18;true;true;FOXTROT_2_20_26_18;FOXTROT_2_20_26_18;1278221.00;1278221.00;0.0160;0.0160;0.0170;0.0170;FOXTROT_2_24_26_18;FOXTROT_2_24_26_18;4;4;DELTA_2_26_26_18;DELTA_2_26_26_18;6;6;FOXTROT_2_28_26_18;FOXTROT_2_28_26_18;8;8;1278230.00;1278230.00;0.0250;0.0250;true;true;1278233.00;1278233.00;GBP;GBP;1278235.00;1278235.00;1278236.00;1278236.00;1278237.00;1278237.00;GBP;GBP;CHARLIE_2_39_26_18;CHARLIE_2_39_26_18;US0378331005;US0378331005;CHARLIE_2_41_26_18;CHARLIE_2_41_26_18;0.0190;0.0190;0.0200;0.0200;0.0210;0.0210;1278245.00;1278245.00;0.0230;0.0230;CHF;CHF;1278248.00;1278248.00;CHF;CHF;DELTA_2_50_26_18;DELTA_2_50_26_18;2026-04-26;2026-04-26;IT;IT;R0MUWSFPU8MPRO8K5P81;R0MUWSFPU8MPRO8K5P81;CHARLIE_2_54_26_18;CHARLIE_2_54_26_18;false;false;XS0971721963;XS0971721963;ECHO_2_57_26_18;ECHO_2_57_26_18;ECHO_2_58_26_18;ECHO_2_58_26_18;DELTA_2_59_26_18;DELTA_2_59_26_18;1278260.00;1278260.00;GBP;GBP;0.0220;0.0220;1278263.00;1278263.00;USD;USD;1278265.00;1278265.00;CHF;CHF;2026-04-26;2026-04-26;NL;NL;R0MUWSFPU8MPRO8K5P81;R0MUWSFPU8MPRO8K5P81;ALPHA_2_70_26_18;ALPHA_2_70_26_18;1278271.00;1278271.00;GBP;GBP;US0378331005;US0378331005;ECHO_2_74_26_18;ECHO_2_74_26_18;0.0180;0.0180;0.0190;0.0190;0.0200;0.0200;BRAVO_2_78_26_18;BRAVO_2_78_26_18;ALPHA_2_79_26_18;ALPHA_2_79_26_18;1278280.00;1278280.00;ALPHA_2_81_26_18;ALPHA_2_81_26_18;0.0250;0.0250;2026-04-26;2026-04-26;1278284.00;1278284.00;GBP;GBP;XS0971721963;XS0971721963;DELTA_2_87_26_18;DELTA_2_87_26_18;false;false;ALPHA_2_89_26_18;ALPHA_2_89_26_18;true;true;GBP;GBP;0.0180;0.0180;BRAVO_2_93_26_18;BRAVO_2_93_26_18;false;false;0.0210;0.0210;CHARLIE_2_96_26_18;CHARLIE_2_96_26_18;1278297.00;1278297.00;USD;USD;ECHO_2_99_26_18;ECHO_2_99_26_18;MRGG;MRGE;1278302.00;1278302.00;EUR;EUR;1278304.00;1278304.00;CHF;CHF;1278306.00;1278306.00;GBP;GBP;1278308.00;1278308.00;USD;USD;1278310.00;1278310.00;CHF;CHF;1278312.00;1278312.00;GBP;GBP;true;true;1278315.00;1278315.00;GBP;GBP;1278317.00;1278317.00;EUR;EUR;1278319.00;1278319.00;USD;USD;true;true;1278402.00;1278402.00;EUR;EUR;1278404.00;1278404.00;USD;USD;0.0170;0.0170;CHARLIE_4_7_26_18;CHARLIE_4_7_26_18;2026-04-26;2026-04-26;DE0001135275;DE0001135275;1278410.00;1278410.00;CHF;CHF;0.0230;0.0230;1278413.00;1278413.00;GBP;GBP;VUJNWIVNFNEBFQSQE965;VUJNWIVNFNEBFQSQE965;0.0100;0.0100;0.0110;0.0110;0.0120;0.0120
SNDR20260326019;Repo;NEWT;2026-04-26T08:04:46Z;2026-04-26T08:04:46Z;VUJNWIVNFNEBFQSQE965;VUJNWIVNFNEBFQSQE965;VUJNWIVNFNEBFQSQE965;VUJNWIVNFNEBFQSQE965;ALPHA_1_4_26_19;ALPHA_1_4_26_19;BRAVO_1_5_26_19;BRAVO_1_5_26_19;DELTA_1_6_26_19;DELTA_1_6_26_19;BE;BE;GIVE;TAKE;7LTWFZYICNSX8D621K86;7LTWFZYICNSX8D621K86;FR;FR;5493001KJTIIGC8Y1R12;5493001KJTIIGC8Y1R12;7LTWFZYICNSX8D621K86;7LTWFZYICNSX8D621K86;VUJNWIVNFNEBFQSQE965;VUJNWIVNFNEBFQSQE965;R0MUWSFPU8MPRO8K5P81;R0MUWSFPU8MPRO8K5P81;VUJNWIVNFNEBFQSQE965;VUJNWIVNFNEBFQSQE965;5493001KJTIIGC8Y1R12;5493001KJTIIGC8Y1R12;DELTA_1_17_26_19;DELTA_1_17_26_19;ALPHA_1_18_26_19;ALPHA_1_18_26_19;2026-04-26;2026-04-26;FOXTROT_2_2_26_19;FOXTROT_2_2_26_19;true;true;2026-04-26T11:25:19Z;2026-04-26T11:25:19Z;7LTWFZYICNSX8D621K86;7LTWFZYICNSX8D621K86;DELTA_2_6_26_19;DELTA_2_6_26_19;0.0190;0.0190;ECHO_2_8_26_19;ECHO_2_8_26_19;FOXTROT_2_9_26_19;FOXTROT_2_9_26_19;2026-04-26T17:07:25Z;2026-04-26T17:07:25Z;2026-04-26;2026-04-26;2026-04-26;2026-04-26;2026-04-26;2026-04-26;14;14;2026-04-26;2026-04-26;BRAVO_2_16_26_19;BRAVO_2_16_26_19;false;false;BRAVO_2_18_26_19;BRAVO_2_18_26_19;true;true;FOXTROT_2_20_26_19;FOXTROT_2_20_26_19;1279221.00;1279221.00;0.0170;0.0170;0.0180;0.0180;ALPHA_2_24_26_19;ALPHA_2_24_26_19;5;5;FOXTROT_2_26_26_19;FOXTROT_2_26_26_19;7;7;ECHO_2_28_26_19;ECHO_2_28_26_19;9;9;1279230.00;1279230.00;0.0260;0.0260;false;false;1279233.00;1279233.00;USD;USD;1279235.00;1279235.00;1279236.00;1279236.00;1279237.00;1279237.00;EUR;EUR;FOXTROT_2_39_26_19;FOXTROT_2_39_26_19;XS0971721963;XS0971721963;DELTA_2_41_26_19;DELTA_2_41_26_19;0.0200;0.0200;0.0210;0.0210;0.0220;0.0220;1279245.00;1279245.00;0.0240;0.0240;GBP;GBP;1279248.00;1279248.00;GBP;GBP;BRAVO_2_50_26_19;BRAVO_2_50_26_19;2026-04-26;2026-04-26;NL;NL;5493001KJTIIGC8Y1R12;5493001KJTIIGC8Y1R12;DELTA_2_54_26_19;DELTA_2_54_26_19;true;true;DE0001135275;DE0001135275;CHARLIE_2_57_26_19;CHARLIE_2_57_26_19;FOXTROT_2_58_26_19;FOXTROT_2_58_26_19;ALPHA_2_59_26_19;ALPHA_2_59_26_19;1279260.00;1279260.00;CHF;CHF;0.0230;0.0230;1279263.00;1279263.00;CHF;CHF;1279265.00;1279265.00;CHF;CHF;2026-04-26;2026-04-26;BE;BE;7LTWFZYICNSX8D621K86;7LTWFZYICNSX8D621K86;DELTA_2_70_26_19;DELTA_2_70_26_19;1279271.00;1279271.00;EUR;EUR;DE0001135275;DE0001135275;BRAVO_2_74_26_19;BRAVO_2_74_26_19;0.0190;0.0190;0.0200;0.0200;0.0210;0.0210;BRAVO_2_78_26_19;BRAVO_2_78_26_19;CHARLIE_2_79_26_19;CHARLIE_2_79_26_19;1279280.00;1279280.00;FOXTROT_2_81_26_19;FOXTROT_2_81_26_19;0.0260;0.0260;2026-04-26;2026-04-26;1279284.00;1279284.00;EUR;EUR;DE0001135275;DE0001135275;DELTA_2_87_26_19;DELTA_2_87_26_19;false;false;FOXTROT_2_89_26_19;FOXTROT_2_89_26_19;false;false;EUR;EUR;0.0190;0.0190;CHARLIE_2_93_26_19;CHARLIE_2_93_26_19;false;false;0.0220;0.0220;CHARLIE_2_96_26_19;CHARLIE_2_96_26_19;1279297.00;1279297.00;CHF;CHF;ALPHA_2_99_26_19;ALPHA_2_99_26_19;MRGG;MRGE;1279302.00;1279302.00;GBP;GBP;1279304.00;1279304.00;USD;USD;1279306.00;1279306.00;USD;USD;1279308.00;1279308.00;CHF;CHF;1279310.00;1279310.00;EUR;EUR;1279312.00;1279312.00;CHF;CHF;true;true;1279315.00;1279315.00;GBP;GBP;1279317.00;1279317.00;GBP;GBP;1279319.00;1279319.00;USD;USD;true;true;1279402.00;1279402.00;EUR;EUR;1279404.00;1279404.00;CHF;CHF;0.0180;0.0180;DELTA_4_7_26_19;DELTA_4_7_26_19;2026-04-26;2026-04-26;DE0001135275;DE0001135275;1279410.00;1279410.00;USD;USD;0.0240;0.0240;1279413.00;1279413.00;CHF;CHF;7LTWFZYICNSX8D621K86;7LTWFZYICNSX8D621K86;0.0110;0.0110;0.0120;0.0120;0.0130;0.0130
SNDR20260326020;Repo;NEWT;2026-04-26T09:07:51Z;2026-04-26T09:07:51Z;5493001KJTIIGC8Y1R12;5493001KJTIIGC8Y1R12;7LTWFZYICNSX8D621K86;7LTWFZYICNSX8D621K86;BRAVO_1_4_26_20;BRAVO_1_4_26_20;BRAVO_1_5_26_20;BRAVO_1_5_26_20;DELTA_1_6_26_20;DELTA_1_6_26_20;BE;BE;GIVE;TAKE;7LTWFZYICNSX8D621K86;7LTWFZYICNSX8D621K86;FR;FR;5493001KJTIIGC8Y1R12;5493001KJTIIGC8Y1R12;5493001KJTIIGC8Y1R12;5493001KJTIIGC8Y1R12;5493001KJTIIGC8Y1R12;5493001KJTIIGC8Y1R12;VUJNWIVNFNEBFQSQE965;VUJNWIVNFNEBFQSQE965;5493001KJTIIGC8Y1R12;5493001KJTIIGC8Y1R12;R0MUWSFPU8MPRO8K5P81;R0MUWSFPU8MPRO8K5P81;ALPHA_1_17_26_20;ALPHA_1_17_26_20;FOXTROT_1_18_26_20;FOXTROT_1_18_26_20;2026-04-26;2026-04-26;BRAVO_2_2_26_20;BRAVO_2_2_26_20;false;false;2026-04-26T12:28:24Z;2026-04-26T12:28:24Z;VUJNWIVNFNEBFQSQE965;VUJNWIVNFNEBFQSQE965;DELTA_2_6_26_20;DELTA_2_6_26_20;0.0200;0.0200;BRAVO_2_8_26_20;BRAVO_2_8_26_20;ALPHA_2_9_26_20;ALPHA_2_9_26_20;2026-04-26T08:10:30Z;2026-04-26T08:10:30Z;2026-04-26;2026-04-26;2026-04-26;2026-04-26;2026-04-26;2026-04-26;15;15;2026-04-26;2026-04-26;BRAVO_2_16_26_20;BRAVO_2_16_26_20;false;false;CHARLIE_2_18_26_20;CHARLIE_2_18_26_20;false;false;ECHO_2_20_26_20;ECHO_2_20_26_20;1280221.00;1280221.00;0.0180;0.0180;0.0190;0.0190;ALPHA_2_24_26_20;ALPHA_2_24_26_20;6;6;CHARLIE_2_26_26_20;CHARLIE_2_26_26_20;8;8;CHARLIE_2_28_26_20;CHARLIE_2_28_26_20;10;10;1280230.00;1280230.00;0.0100;0.0100;true;true;1280233.00;1280233.00;EUR;EUR;1280235.00;1280235.00;1280236.00;1280236.00;1280237.00;1280237.00;USD;USD;CHARLIE_2_39_26_20;CHARLIE_2_39_26_20;US0378331005;US0378331005;DELTA_2_41_26_20;DELTA_2_41_26_20;0.0210;0.0210;0.0220;0.0220;0.0230;0.0230;1280245.00;1280245.00;0.0250;0.0250;GBP;GBP;1280248.00;1280248.00;EUR;EUR;DELTA_2_50_26_20;DELTA_2_50_26_20;2026-04-26;2026-04-26;DE;DE;5493001KJTIIGC8Y1R12;5493001KJTIIGC8Y1R12;BRAVO_2_54_26_20;BRAVO_2_54_26_20;true;true;FR0013451524;FR0013451524;BRAVO_2_57_26_20;BRAVO_2_57_26_20;ALPHA_2_58_26_20;ALPHA_2_58_26_20;FOXTROT_2_59_26_20;FOXTROT_2_59_26_20;1280260.00;1280260.00;EUR;EUR;0.0240;0.0240;1280263.00;1280263.00;CHF;CHF;1280265.00;1280265.00;CHF;CHF;2026-04-26;2026-04-26;DE;DE;5493001KJTIIGC8Y1R12;5493001KJTIIGC8Y1R12;ECHO_2_70_26_20;ECHO_2_70_26_20;1280271.00;1280271.00;EUR;EUR;DE0001135275;DE0001135275;FOXTROT_2_74_26_20;FOXTROT_2_74_26_20;0.0200;0.0200;0.0210;0.0210;0.0220;0.0220;ECHO_2_78_26_20;ECHO_2_78_26_20;FOXTROT_2_79_26_20;FOXTROT_2_79_26_20;1280280.00;1280280.00;CHARLIE_2_81_26_20;CHARLIE_2_81_26_20;0.0100;0.0100;2026-04-26;2026-04-26;1280284.00;1280284.00;EUR;EUR;US0378331005;US0378331005;DELTA_2_87_26_20;DELTA_2_87_26_20;true;true;BRAVO_2_89_26_20;BRAVO_2_89_26_20;false;false;CHF;CHF;0.0200;0.0200;DELTA_2_93_26_20;DELTA_2_93_26_20;true;true;0.0230;0.0230;FOXTROT_2_96_26_20;FOXTROT_2_96_26_20;1280297.00;1280297.00;USD;USD;BRAVO_2_99_26_20;BRAVO_2_99_26_20;MRGG;MRGE;1280302.00;1280302.00;EUR;EUR;1280304.00;1280304.00;EUR;EUR;1280306.00;1280306.00;USD;USD;1280308.00;1280308.00;EUR;EUR;1280310.00;1280310.00;CHF;CHF;1280312.00;1280312.00;EUR;EUR;true;true;1280315.00;1280315.00;EUR;EUR;1280317.00;1280317.00;GBP;GBP;1280319.00;1280319.00;GBP;GBP;false;false;1280402.00;1280402.00;USD;USD;1280404.00;1280404.00;GBP;GBP;0.0190;0.0190;CHARLIE_4_7_26_20;CHARLIE_4_7_26_20;2026-04-26;2026-04-26;XS0971721963;XS0971721963;1280410.00;1280410.00;CHF;CHF;0.0250;0.0250;1280413.00;1280413.00;EUR;EUR;7LTWFZYICNSX8D621K86;7LTWFZYICNSX8D621K86;0.0120;0.0120;0.0130;0.0130;0.0140;0.0140
SNDR20260326021;Repo;NEWT;2026-04-26T10:10:56Z;2026-04-26T10:10:56Z;VUJNWIVNFNEBFQSQE965;VUJNWIVNFNEBFQSQE965;7LTWFZYICNSX8D621K86;7LTWFZYICNSX8D621K86;DELTA_1_4_26_21;DELTA_1_4_26_21;FOXTROT_1_5_26_21;FOXTROT_1_5_26_21;FOXTROT_1_6_26_21;FOXTROT_1_6_26_21;DE;DE;GIVE;TAKE;7LTWFZYICNSX8D621K86;7LTWFZYICNSX8D621K86;ES;ES;5493001KJTIIGC8Y1R12;5493001KJTIIGC8Y1R12;VUJNWIVNFNEBFQSQE965;VUJNWIVNFNEBFQSQE965;5493001KJTIIGC8Y1R12;5493001KJTIIGC8Y1R12;R0MUWSFPU8MPRO8K5P81;R0MUWSFPU8MPRO8K5P81;7LTWFZYICNSX8D621K86;7LTWFZYICNSX8D621K86;7LTWFZYICNSX8D621K86;7LTWFZYICNSX8D621K86;ECHO_1_17_26_21;ECHO_1_17_26_21;CHARLIE_1_18_26_21;CHARLIE_1_18_26_21;2026-04-26;2026-04-26;ALPHA_2_2_26_21;ALPHA_2_2_26_21;false;false;2026-04-26T13:31:29Z;2026-04-26T13:31:29Z;R0MUWSFPU8MPRO8K5P81;R0MUWSFPU8MPRO8K5P81;FOXTROT_2_6_26_21;FOXTROT_2_6_26_21;0.0210;0.0210;ECHO_2_8_26_21;ECHO_2_8_26_21;CHARLIE_2_9_26_21;CHARLIE_2_9_26_21;2026-04-26T09:13:35Z;2026-04-26T09:13:35Z;2026-04-26;2026-04-26;2026-04-26;2026-04-26;2026-04-26;2026-04-26;16;16;2026-04-26;2026-04-26;ECHO_2_16_26_21;ECHO_2_16_26_21;false;false;FOXTROT_2_18_26_21;FOXTROT_2_18_26_21;true;true;FOXTROT_2_20_26_21;FOXTROT_2_20_26_21;1281221.00;1281221.00;0.0190;0.0190;0.0200;0.0200;ECHO_2_24_26_21;ECHO_2_24_26_21;7;7;CHARLIE_2_26_26_21;CHARLIE_2_26_26_21;9;9;CHARLIE_2_28_26_21;CHARLIE_2_28_26_21;11;11;1281230.00;1281230.00;0.0110;0.0110;true;true;1281233.00;1281233.00;GBP;GBP;1281235.00;1281235.00;1281236.00;1281236.00;1281237.00;1281237.00;USD;USD;DELTA_2_39_26_21;DELTA_2_39_26_21;XS0971721963;XS0971721963;ALPHA_2_41_26_21;ALPHA_2_41_26_21;0.0220;0.0220;0.0230;0.0230;0.0240;0.0240;1281245.00;1281245.00;0.0260;0.0260;GBP;GBP;1281248.00;1281248.00;USD;USD;BRAVO_2_50_26_21;BRAVO_2_50_26_21;2026-04-26;2026-04-26;BE;BE;VUJNWIVNFNEBFQSQE965;VUJNWIVNFNEBFQSQE965;CHARLIE_2_54_26_21;CHARLIE_2_54_26_21;false;false;DE0001135275;DE0001135275;DELTA_2_57_26_21;DELTA_2_57_26_21;ECHO_2_58_26_21;ECHO_2_58_26_21;FOXTROT_2_59_26_21;FOXTROT_2_59_26_21;1281260.00;1281260.00;USD;USD;0.0250;0.0250;1281263.00;1281263.00;USD;USD;1281265.00;1281265.00;GBP;GBP;2026-04-26;2026-04-26;BE;BE;7LTWFZYICNSX8D621K86;7LTWFZYICNSX8D621K86;FOXTROT_2_70_26_21;FOXTROT_2_70_26_21;1281271.00;1281271.00;GBP;GBP;XS0971721963;XS0971721963;DELTA_2_74_26_21;DELTA_2_74_26_21;0.0210;0.0210;0.0220;0.0220;0.0230;0.0230;FOXTROT_2_78_26_21;FOXTROT_2_78_26_21;CHARLIE_2_79_26_21;CHARLIE_2_79_26_21;1281280.00;1281280.00;ALPHA_2_81_26_21;ALPHA_2_81_26_21;0.0110;0.0110;2026-04-26;2026-04-26;1281284.00;1281284.00;CHF;CHF;FR0013451524;FR0013451524;BRAVO_2_87_26_21;BRAVO_2_87_26_21;false;false;ECHO_2_89_26_21;ECHO_2_89_26_21;true;true;GBP;GBP;0.0210;0.0210;ALPHA_2_93_26_21;ALPHA_2_93_26_21;false;false;0.0240;0.0240;DELTA_2_96_26_21;DELTA_2_96_26_21;1281297.00;1281297.00;EUR;EUR;BRAVO_2_99_26_21;BRAVO_2_99_26_21;MRGG;MRGE;1281302.00;1281302.00;CHF;CHF;1281304.00;1281304.00;GBP;GBP;1281306.00;1281306.00;CHF;CHF;1281308.00;1281308.00;USD;USD;1281310.00;1281310.00;CHF;CHF;1281312.00;1281312.00;USD;USD;true;true;1281315.00;1281315.00;USD;USD;1281317.00;1281317.00;CHF;CHF;1281319.00;1281319.00;USD;USD;true;true;1281402.00;1281402.00;GBP;GBP;1281404.00;1281404.00;GBP;GBP;0.0200;0.0200;DELTA_4_7_26_21;DELTA_4_7_26_21;2026-04-26;2026-04-26;DE0001135275;DE0001135275;1281410.00;1281410.00;CHF;CHF;0.0260;0.0260;1281413.00;1281413.00;CHF;CHF;VUJNWIVNFNEBFQSQE965;VUJNWIVNFNEBFQSQE965;0.0130;0.0130;0.0140;0.0140;0.0150;0.0150
SNDR20260326022;Repo;NEWT;2026-04-26T11:13:01Z;2026-04-26T11:13:01Z;R0MUWSFPU8MPRO8K5P81;R0MUWSFPU8MPRO8K5P81;5493001KJTIIGC8Y1R12;5493001KJTIIGC8Y1R12;ALPHA_1_4_26_22;ALPHA_1_4_26_22;FOXTROT_1_5_26_22;FOXTROT_1_5_26_22;FOXTROT_1_6_26_22;FOXTROT_1_6_26_22;FR;FR;GIVE;TAKE;VUJNWIVNFNEBFQSQE965;VUJNWIVNFNEBFQSQE965;IT;IT;R0MUWSFPU8MPRO8K5P81;R0MUWSFPU8MPRO8K5P81;VUJNWIVNFNEBFQSQE965;VUJNWIVNFNEBFQSQE965;5493001KJTIIGC8Y1R12;5493001KJTIIGC8Y1R12;5493001KJTIIGC8Y1R12;5493001KJTIIGC8Y1R12;R0MUWSFPU8MPRO8K5P81;R0MUWSFPU8MPRO8K5P81;VUJNWIVNFNEBFQSQE965;VUJNWIVNFNEBFQSQE965;ALPHA_1_17_26_22;ALPHA_1_17_26_22;FOXTROT_1_18_26_22;FOXTROT_1_18_26_22;2026-04-26;2026-04-26;BRAVO_2_2_26_22;BRAVO_2_2_26_22;false;false;2026-04-26T14:34:34Z;2026-04-26T14:34:34Z;VUJNWIVNFNEBFQSQE965;VUJNWIVNFNEBFQSQE965;FOXTROT_2_6_26_22;FOXTROT_2_6_26_22;0.0220;0.0220;CHARLIE_2_8_26_22;CHARLIE_2_8_26_22;ALPHA_2_9_26_22;ALPHA_2_9_26_22;2026-04-26T10:16:40Z;2026-04-26T10:16:40Z;2026-04-26;2026-04-26;2026-04-26;2026-04-26;2026-04-26;2026-04-26;17;17;2026-04-26;2026-04-26;CHARLIE_2_16_26_22;CHARLIE_2_16_26_22;true;true;ALPHA_2_18_26_22;ALPHA_2_18_26_22;false;false;DELTA_2_20_26_22;DELTA_2_20_26_22;1282221.00;1282221.00;0.0200;0.0200;0.0210;0.0210;ALPHA_2_24_26_22;ALPHA_2_24_26_22;8;8;BRAVO_2_26_26_22;BRAVO_2_26_26_22;10;10;DELTA_2_28_26_22;DELTA_2_28_26_22;12;12;1282230.00;1282230.00;0.0120;0.0120;true;true;1282233.00;1282233.00;CHF;CHF;1282235.00;1282235.00;1282236.00;1282236.00;1282237.00;1282237.00;USD;USD;BRAVO_2_39_26_22;BRAVO_2_39_26_22;FR0013451524;FR0013451524;DELTA_2_41_26_22;DELTA_2_41_26_22;0.0230;0.0230;0.0240;0.0240;0.0250;0.0250;1282245.00;1282245.00;0.0100;0.0100;EUR;EUR;1282248.00;1282248.00;USD;USD;ECHO_2_50_26_22;ECHO_2_50_26_22;2026-04-26;2026-04-26;NL;NL;7LTWFZYICNSX8D621K86;7LTWFZYICNSX8D621K86;DELTA_2_54_26_22;DELTA_2_54_26_22;true;true;US0378331005;US0378331005;ECHO_2_57_26_22;ECHO_2_57_26_22;DELTA_2_58_26_22;DELTA_2_58_26_22;FOXTROT_2_59_26_22;FOXTROT_2_59_26_22;1282260.00;1282260.00;USD;USD;0.0260;0.0260;1282263.00;1282263.00;USD;USD;1282265.00;1282265.00;EUR;EUR;2026-04-26;2026-04-26;BE;BE;R0MUWSFPU8MPRO8K5P81;R0MUWSFPU8MPRO8K5P81;ALPHA_2_70_26_22;ALPHA_2_70_26_22;1282271.00;1282271.00;GBP;GBP;US0378331005;US0378331005;ECHO_2_74_26_22;ECHO_2_74_26_22;0.0220;0.0220;0.0230;0.0230;0.0240;0.0240;DELTA_2_78_26_22;DELTA_2_78_26_22;CHARLIE_2_79_26_22;CHARLIE_2_79_26_22;1282280.00;1282280.00;FOXTROT_2_81_26_22;FOXTROT_2_81_26_22;0.0120;0.0120;2026-04-26;2026-04-26;1282284.00;1282284.00;GBP;GBP;US0378331005;US0378331005;DELTA_2_87_26_22;DELTA_2_87_26_22;false;false;CHARLIE_2_89_26_22;CHARLIE_2_89_26_22;true;true;GBP;GBP;0.0220;0.0220;CHARLIE_2_93_26_22;CHARLIE_2_93_26_22;false;false;0.0250;0.0250;FOXTROT_2_96_26_22;FOXTROT_2_96_26_22;1282297.00;1282297.00;USD;USD;BRAVO_2_99_26_22;BRAVO_2_99_26_22;MRGG;MRGE;1282302.00;1282302.00;CHF;CHF;1282304.00;1282304.00;CHF;CHF;1282306.00;1282306.00;CHF;CHF;1282308.00;1282308.00;USD;USD;1282310.00;1282310.00;CHF;CHF;1282312.00;1282312.00;USD;USD;true;true;1282315.00;1282315.00;GBP;GBP;1282317.00;1282317.00;GBP;GBP;1282319.00;1282319.00;GBP;GBP;false;false;1282402.00;1282402.00;USD;USD;1282404.00;1282404.00;GBP;GBP;0.0210;0.0210;ALPHA_4_7_26_22;ALPHA_4_7_26_22;2026-04-26;2026-04-26;US0378331005;US0378331005;1282410.00;1282410.00;EUR;EUR;0.0100;0.0100;1282413.00;1282413.00;EUR;EUR;5493001KJTIIGC8Y1R12;5493001KJTIIGC8Y1R12;0.0140;0.0140;0.0150;0.0150;0.0160;0.0160
SNDR20260326023;Repo;NEWT;2026-04-26T12:16:06Z;2026-04-26T12:16:06Z;VUJNWIVNFNEBFQSQE965;VUJNWIVNFNEBFQSQE965;VUJNWIVNFNEBFQSQE965;VUJNWIVNFNEBFQSQE965;ALPHA_1_4_26_23;ALPHA_1_4_26_23;CHARLIE_1_5_26_23;CHARLIE_1_5_26_23;DELTA_1_6_26_23;DELTA_1_6_26_23;ES;ES;GIVE;TAKE;R0MUWSFPU8MPRO8K5P81;R0MUWSFPU8MPRO8K5P81;FR;FR;VUJNWIVNFNEBFQSQE965;VUJNWIVNFNEBFQSQE965;5493001KJTIIGC8Y1R12;5493001KJTIIGC8Y1R12;R0MUWSFPU8MPRO8K5P81;R0MUWSFPU8MPRO8K5P81;R0MUWSFPU8MPRO8K5P81;R0MUWSFPU8MPRO8K5P81;VUJNWIVNFNEBFQSQE965;VUJNWIVNFNEBFQSQE965;R0MUWSFPU8MPRO8K5P81;R0MUWSFPU8MPRO8K5P81;ALPHA_1_17_26_23;ALPHA_1_17_26_23;BRAVO_1_18_26_23;BRAVO_1_18_26_23;2026-04-26;2026-04-26;CHARLIE_2_2_26_23;CHARLIE_2_2_26_23;true;true;2026-04-26T15:37:39Z;2026-04-26T15:37:39Z;5493001KJTIIGC8Y1R12;5493001KJTIIGC8Y1R12;DELTA_2_6_26_23;DELTA_2_6_26_23;0.0230;0.0230;DELTA_2_8_26_23;DELTA_2_8_26_23;ECHO_2_9_26_23;ECHO_2_9_26_23;2026-04-26T11:19:45Z;2026-04-26T11:19:45Z;2026-04-26;2026-04-26;2026-04-26;2026-04-26;2026-04-26;2026-04-26;18;18;2026-04-26;2026-04-26;BRAVO_2_16_26_23;BRAVO_2_16_26_23;true;true;BRAVO_2_18_26_23;BRAVO_2_18_26_23;false;false;ALPHA_2_20_26_23;ALPHA_2_20_26_23;1283221.00;1283221.00;0.0210;0.0210;0.0220;0.0220;BRAVO_2_24_26_23;BRAVO_2_24_26_23;9;9;DELTA_2_26_26_23;DELTA_2_26_26_23;11;11;ECHO_2_28_26_23;ECHO_2_28_26_23;13;13;1283230.00;1283230.00;0.0130;0.0130;false;false;1283233.00;1283233.00;GBP;GBP;1283235.00;1283235.00;1283236.00;1283236.00;1283237.00;1283237.00;CHF;CHF;BRAVO_2_39_26_23;BRAVO_2_39_26_23;US0378331005;US0378331005;DELTA_2_41_26_23;DELTA_2_41_26_23;0.0240;0.0240;0.0250;0.0250;0.0260;0.0260;1283245.00;1283245.00;0.0110;0.0110;USD;USD;1283248.00;1283248.00;GBP;GBP;FOXTROT_2_50_26_23;FOXTROT_2_50_26_23;2026-04-26;2026-04-26;ES;ES;5493001KJTIIGC8Y1R12;5493001KJTIIGC8Y1R12;BRAVO_2_54_26_23;BRAVO_2_54_26_23;false;false;XS0971721963;XS0971721963;CHARLIE_2_57_26_23;CHARLIE_2_57_26_23;FOXTROT_2_58_26_23;FOXTROT_2_58_26_23;FOXTROT_2_59_26_23;FOXTROT_2_59_26_23;1283260.00;1283260.00;GBP;GBP;0.0100;0.0100;1283263.00;1283263.00;USD;USD;1283265.00;1283265.00;USD;USD;2026-04-26;2026-04-26;BE;BE;R0MUWSFPU8MPRO8K5P81;R0MUWSFPU8MPRO8K5P81;CHARLIE_2_70_26_23;CHARLIE_2_70_26_23;1283271.00;1283271.00;USD;USD;XS0971721963;XS0971721963;ALPHA_2_74_26_23;ALPHA_2_74_26_23;0.0230;0.0230;0.0240;0.0240;0.0250;0.0250;CHARLIE_2_78_26_23;CHARLIE_2_78_26_23;ECHO_2_79_26_23;ECHO_2_79_26_23;1283280.00;1283280.00;ALPHA_2_81_26_23;ALPHA_2_81_26_23;0.0130;0.0130;2026-04-26;2026-04-26;1283284.00;1283284.00;CHF;CHF;US0378331005;US0378331005;DELTA_2_87_26_23;DELTA_2_87_26_23;false;false;ECHO_2_89_26_23;ECHO_2_89_26_23;false;false;USD;USD;0.0230;0.0230;FOXTROT_2_93_26_23;FOXTROT_2_93_26_23;true;true;0.0260;0.0260;ALPHA_2_96_26_23;ALPHA_2_96_26_23;1283297.00;1283297.00;CHF;CHF;ECHO_2_99_26_23;ECHO_2_99_26_23;MRGG;MRGE;1283302.00;1283302.00;USD;USD;1283304.00;1283304.00;GBP;GBP;1283306.00;1283306.00;GBP;GBP;1283308.00;1283308.00;GBP;GBP;1283310.00;1283310.00;EUR;EUR;1283312.00;1283312.00;USD;USD;false;false;1283315.00;1283315.00;USD;USD;1283317.00;1283317.00;GBP;GBP;1283319.00;1283319.00;GBP;GBP;true;true;1283402.00;1283402.00;USD;USD;1283404.00;1283404.00;USD;USD;0.0220;0.0220;BRAVO_4_7_26_23;BRAVO_4_7_26_23;2026-04-26;2026-04-26;DE0001135275;DE0001135275;1283410.00;1283410.00;CHF;CHF;0.0110;0.0110;1283413.00;1283413.00;USD;USD;5493001KJTIIGC8Y1R12;5493001KJTIIGC8Y1R12;0.0150;0.0150;0.0160;0.0160;0.0170;0.0170
SNDR20260326024;Repo;NEWT;2026-04-26T13:19:11Z;2026-04-26T13:19:11Z;5493001KJTIIGC8Y1R12;5493001KJTIIGC8Y1R12;5493001KJTIIGC8Y1R12;5493001KJTIIGC8Y1R12;FOXTROT_1_4_26_24;FOXTROT_1_4_26_24;ECHO_1_5_26_24;ECHO_1_5_26_24;BRAVO_1_6_26_24;BRAVO_1_6_26_24;ES;ES;GIVE;TAKE;VUJNWIVNFNEBFQSQE965;VUJNWIVNFNEBFQSQE965;ES;ES;VUJNWIVNFNEBFQSQE965;VUJNWIVNFNEBFQSQE965;5493001KJTIIGC8Y1R12;5493001KJTIIGC8Y1R12;7LTWFZYICNSX8D621K86;7LTWFZYICNSX8D621K86;R0MUWSFPU8MPRO8K5P81;R0MUWSFPU8MPRO8K5P81;R0MUWSFPU8MPRO8K5P81;R0MUWSFPU8MPRO8K5P81;VUJNWIVNFNEBFQSQE965;VUJNWIVNFNEBFQSQE965;BRAVO_1_17_26_24;BRAVO_1_17_26_24;FOXTROT_1_18_26_24;FOXTROT_1_18_26_24;2026-04-26;2026-04-26;ALPHA_2_2_26_24;ALPHA_2_2_26_24;true;true;2026-04-26T16:40:44Z;2026-04-26T16:40:44Z;5493001KJTIIGC8Y1R12;5493001KJTIIGC8Y1R12;CHARLIE_2_6_26_24;CHARLIE_2_6_26_24;0.0240;0.0240;ECHO_2_8_26_24;ECHO_2_8_26_24;FOXTROT_2_9_26_24;FOXTROT_2_9_26_24;2026-04-26T12:22:50Z;2026-04-26T12:22:50Z;2026-04-26;2026-04-26;2026-04-26;2026-04-26;2026-04-26;2026-04-26;19;19;2026-04-26;2026-04-26;FOXTROT_2_16_26_24;FOXTROT_2_16_26_24;true;true;DELTA_2_18_26_24;DELTA_2_18_26_24;false;false;CHARLIE_2_20_26_24;CHARLIE_2_20_26_24;1284221.00;1284221.00;0.0220;0.0220;0.0230;0.0230;FOXTROT_2_24_26_24;FOXTROT_2_24_26_24;10;10;ALPHA_2_26_26_24;ALPHA_2_26_26_24;12;12;FOXTROT_2_28_26_24;FOXTROT_2_28_26_24;14;14;1284230.00;1284230.00;0.0140;0.0140;true;true;1284233.00;1284233.00;CHF;CHF;1284235.00;1284235.00;1284236.00;1284236.00;1284237.00;1284237.00;CHF;CHF;DELTA_2_39_26_24;DELTA_2_39_26_24;DE0001135275;DE0001135275;FOXTROT_2_41_26_24;FOXTROT_2_41_26_24;0.0250;0.0250;0.0260;0.0260;0.0100;0.0100;1284245.00;1284245.00;0.0120;0.0120;USD;USD;1284248.00;1284248.00;USD;USD;BRAVO_2_50_26_24;BRAVO_2_50_26_24;2026-04-26;2026-04-26;IT;IT;7LTWFZYICNSX8D621K86;7LTWFZYICNSX8D621K86;ALPHA_2_54_26_24;ALPHA_2_54_26_24;true;true;FR0013451524;FR0013451524;FOXTROT_2_57_26_24;FOXTROT_2_57_26_24;DELTA_2_58_26_24;DELTA_2_58_26_24;FOXTROT_2_59_26_24;FOXTROT_2_59_26_24;1284260.00;1284260.00;EUR;EUR;0.0110;0.0110;1284263.00;1284263.00;CHF;CHF;1284265.00;1284265.00;EUR;EUR;2026-04-26;2026-04-26;FR;FR;R0MUWSFPU8MPRO8K5P81;R0MUWSFPU8MPRO8K5P81;DELTA_2_70_26_24;DELTA_2_70_26_24;1284271.00;1284271.00;USD;USD;DE0001135275;DE0001135275;BRAVO_2_74_26_24;BRAVO_2_74_26_24;0.0240;0.0240;0.0250;0.0250;0.0260;0.0260;ALPHA_2_78_26_24;ALPHA_2_78_26_24;FOXTROT_2_79_26_24;FOXTROT_2_79_26_24;1284280.00;1284280.00;ALPHA_2_81_26_24;ALPHA_2_81_26_24;0.0140;0.0140;2026-04-26;2026-04-26;1284284.00;1284284.00;CHF;CHF;DE0001135275;DE0001135275;DELTA_2_87_26_24;DELTA_2_87_26_24;false;false;DELTA_2_89_26_24;DELTA_2_89_26_24;false;false;EUR;EUR;0.0240;0.0240;BRAVO_2_93_26_24;BRAVO_2_93_26_24;false;false;0.0100;0.0100;ALPHA_2_96_26_24;ALPHA_2_96_26_24;1284297.00;1284297.00;CHF;CHF;CHARLIE_2_99_26_24;CHARLIE_2_99_26_24;MRGG;MRGE;1284302.00;1284302.00;CHF;CHF;1284304.00;1284304.00;USD;USD;1284306.00;1284306.00;CHF;CHF;1284308.00;1284308.00;EUR;EUR;1284310.00;1284310.00;EUR;EUR;1284312.00;1284312.00;USD;USD;false;false;1284315.00;1284315.00;EUR;EUR;1284317.00;1284317.00;USD;USD;1284319.00;1284319.00;GBP;GBP;false;false;1284402.00;1284402.00;CHF;CHF;1284404.00;1284404.00;EUR;EUR;0.0230;0.0230;CHARLIE_4_7_26_24;CHARLIE_4_7_26_24;2026-04-26;2026-04-26;US0378331005;US0378331005;1284410.00;1284410.00;GBP;GBP;0.0120;0.0120;1284413.00;1284413.00;USD;USD;R0MUWSFPU8MPRO8K5P81;R0MUWSFPU8MPRO8K5P81;0.0160;0.0160;0.0170;0.0170;0.0180;0.0180
SNDR20260326025;Repo;NEWT;2026-04-26T14:22:16Z;2026-04-26T14:22:16Z;5493001KJTIIGC8Y1R12;5493001KJTIIGC8Y1R12;R0MUWSFPU8MPRO8K5P81;R0MUWSFPU8MPRO8K5P81;FOXTROT_1_4_26_25;FOXTROT_1_4_26_25;CHARLIE_1_5_26_25;CHARLIE_1_5_26_25;BRAVO_1_6_26_25;BRAVO_1_6_26_25;FR;FR;GIVE;TAKE;VUJNWIVNFNEBFQSQE965;VUJNWIVNFNEBFQSQE965;IT;IT;5493001KJTIIGC8Y1R12;5493001KJTIIGC8Y1R12;R0MUWSFPU8MPRO8K5P81;R0MUWSFPU8MPRO8K5P81;VUJNWIVNFNEBFQSQE965;VUJNWIVNFNEBFQSQE965;R0MUWSFPU8MPRO8K5P81;R0MUWSFPU8MPRO8K5P81;VUJNWIVNFNEBFQSQE965;VUJNWIVNFNEBFQSQE965;R0MUWSFPU8MPRO8K5P81;R0MUWSFPU8MPRO8K5P81;DELTA_1_17_26_25;DELTA_1_17_26_25;CHARLIE_1_18_26_25;CHARLIE_1_18_26_25;2026-04-26;2026-04-26;ECHO_2_2_26_25;ECHO_2_2_26_25;true;true;2026-04-26T17:43:49Z;2026-04-26T17:43:49Z;7LTWFZYICNSX8D621K86;7LTWFZYICNSX8D621K86;DELTA_2_6_26_25;DELTA_2_6_26_25;0.0250;0.0250;BRAVO_2_8_26_25;BRAVO_2_8_26_25;BRAVO_2_9_26_25;BRAVO_2_9_26_25;2026-04-26T13:25:55Z;2026-04-26T13:25:55Z;2026-04-26;2026-04-26;2026-04-26;2026-04-26;2026-04-26;2026-04-26;20;20;2026-04-26;2026-04-26;ECHO_2_16_26_25;ECHO_2_16_26_25;true;true;DELTA_2_18_26_25;DELTA_2_18_26_25;true;true;DELTA_2_20_26_25;DELTA_2_20_26_25;1285221.00;1285221.00;0.0230;0.0230;0.0240;0.0240;BRAVO_2_24_26_25;BRAVO_2_24_26_25;11;11;FOXTROT_2_26_26_25;FOXTROT_2_26_26_25;13;13;BRAVO_2_28_26_25;BRAVO_2_28_26_25;15;15;1285230.00;1285230.00;0.0150;0.0150;true;true;1285233.00;1285233.00;USD;USD;1285235.00;1285235.00;1285236.00;1285236.00;1285237.00;1285237.00;USD;USD;ECHO_2_39_26_25;ECHO_2_39_26_25;XS0971721963;XS0971721963;ECHO_2_41_26_25;ECHO_2_41_26_25;0.0260;0.0260;0.0100;0.0100;0.0110;0.0110;1285245.00;1285245.00;0.0130;0.0130;EUR;EUR;1285248.00;1285248.00;GBP;GBP;BRAVO_2_50_26_25;BRAVO_2_50_26_25;2026-04-26;2026-04-26;IT;IT;7LTWFZYICNSX8D621K86;7LTWFZYICNSX8D621K86;BRAVO_2_54_26_25;BRAVO_2_54_26_25;true;true;US0378331005;US0378331005;FOXTROT_2_57_26_25;FOXTROT_2_57_26_25;CHARLIE_2_58_26_25;CHARLIE_2_58_26_25;ECHO_2_59_26_25;ECHO_2_59_26_25;1285260.00;1285260.00;CHF;CHF;0.0120;0.0120;1285263.00;1285263.00;GBP;GBP;1285265.00;1285265.00;GBP;GBP;2026-04-26;2026-04-26;FR;FR;7LTWFZYICNSX8D621K86;7LTWFZYICNSX8D621K86;CHARLIE_2_70_26_25;CHARLIE_2_70_26_25;1285271.00;1285271.00;EUR;EUR;XS0971721963;XS0971721963;DELTA_2_74_26_25;DELTA_2_74_26_25;0.0250;0.0250;0.0260;0.0260;0.0100;0.0100;CHARLIE_2_78_26_25;CHARLIE_2_78_26_25;DELTA_2_79_26_25;DELTA_2_79_26_25;1285280.00;1285280.00;FOXTROT_2_81_26_25;FOXTROT_2_81_26_25;0.0150;0.0150;2026-04-26;2026-04-26;1285284.00;1285284.00;GBP;GBP;DE0001135275;DE0001135275;BRAVO_2_87_26_25;BRAVO_2_87_26_25;false;false;BRAVO_2_89_26_25;BRAVO_2_89_26_25;true;true;USD;USD;0.0250;0.0250;ALPHA_2_93_26_25;ALPHA_2_93_26_25;false;false;0.0110;0.0110;FOXTROT_2_96_26_25;FOXTROT_2_96_26_25;1285297.00;1285297.00;USD;USD;BRAVO_2_99_26_25;BRAVO_2_99_26_25;MRGG;MRGE;1285302.00;1285302.00;GBP;GBP;1285304.00;1285304.00;CHF;CHF;1285306.00;1285306.00;CHF;CHF;1285308.00;1285308.00;EUR;EUR;1285310.00;1285310.00;GBP;GBP;1285312.00;1285312.00;EUR;EUR;true;true;1285315.00;1285315.00;CHF;CHF;1285317.00;1285317.00;CHF;CHF;1285319.00;1285319.00;USD;USD;false;false;1285402.00;1285402.00;EUR;EUR;1285404.00;1285404.00;GBP;GBP;0.0240;0.0240;BRAVO_4_7_26_25;BRAVO_4_7_26_25;2026-04-26;2026-04-26;US0378331005;US0378331005;1285410.00;1285410.00;USD;USD;0.0130;0.0130;1285413.00;1285413.00;EUR;EUR;7LTWFZYICNSX8D621K86;7LTWFZYICNSX8D621K86;0.0170;0.0170;0.0180;0.0180;0.0190;0.0190
